-- phpMyAdmin SQL Dump
-- version 
-- http://www.phpmyadmin.net
--
-- Хост: esin.mysql
-- Время создания: Май 08 2019 г., 08:41
-- Версия сервера: 5.6.25-73.1
-- Версия PHP: 5.6.6

SET SQL_MODE = "NO_AUTO_VALUE_ON_ZERO";
SET time_zone = "+00:00";


/*!40101 SET @OLD_CHARACTER_SET_CLIENT=@@CHARACTER_SET_CLIENT */;
/*!40101 SET @OLD_CHARACTER_SET_RESULTS=@@CHARACTER_SET_RESULTS */;
/*!40101 SET @OLD_COLLATION_CONNECTION=@@COLLATION_CONNECTION */;
/*!40101 SET NAMES utf8 */;

--
-- База данных: `esin_sell_incarnet_ru`
--

-- --------------------------------------------------------

--
-- Структура таблицы `auth_assignment`
--
-- Создание: Мар 11 2019 г., 11:56
--

DROP TABLE IF EXISTS `auth_assignment`;
CREATE TABLE IF NOT EXISTS `auth_assignment` (
  `item_name` varchar(64) COLLATE utf8_unicode_ci NOT NULL,
  `user_id` varchar(64) COLLATE utf8_unicode_ci NOT NULL,
  `created_at` int(11) DEFAULT NULL
) ENGINE=InnoDB DEFAULT CHARSET=utf8 COLLATE=utf8_unicode_ci AVG_ROW_LENGTH=1260;

--
-- Дамп данных таблицы `auth_assignment`
--

INSERT INTO `auth_assignment` (`item_name`, `user_id`, `created_at`) VALUES
('admin', '1', 1544660980),
('dealer', '1000001', 1544730310),
('dealer', '1000002', 1545109305),
('dealer', '1000003', 1545109523),
('dealer', '1000004', 1545109578),
('dealer', '1000006', 1545110008),
('dealer', '1000007', 1545219788),
('dealer', '1000008', 1545237967),
('dealer', '1000009', 1545304302),
('dealer', '1000013', 1548669721),
('dealer', '1000014', 1548673860),
('dealer', '1000015', 1549359285),
('dealer', '1000016', 1549379641),
('dealer', '1000019', 1550833572),
('dealer', '1000020', 1552591813),
('dealer', '1000028', 1553268882),
('dealer', '1000029', 1553590875),
('dealer', '1000030', 1553770260),
('dealer', '1000031', 1553771202),
('dealer', '1000032', 1553773744),
('dealer', '1000033', 1554108950),
('dealer', '1000034', 1554233707),
('dealer', '1000035', 1554280865),
('dealer', '1000036', 1554281597),
('dealer', '1000037', 1554286701),
('dealer', '1000038', 1554306144),
('dealer', '1000039', 1554390487),
('dealer', '1000040', 1554732360),
('dealer', '1000041', 1554734061),
('dealer', '1000042', 1554811084),
('dealer', '1000043', 1554898285),
('dealer', '1000044', 1555052540),
('dealer', '1000045', 1555316418),
('dealer', '1000046', 1555603700),
('dealer', '1000047', 1556007386),
('dealer', '1000048', 1556546640),
('dealer', '6', 1544742534),
('dealer', '7', 1544742665),
('dealer', '8', 1544743394),
('dealer', '9', 1544743482),
('manager', '1000005', 1545109695),
('manager', '1000010', 1545304676),
('manager', '1000011', 1548414867),
('manager', '1000012', 1548669531),
('manager', '1000017', 1549463306),
('manager', '1000022', 1553072493),
('manager', '1000023', 1553072602),
('manager', '1000024', 1553072632),
('manager', '1000025', 1553072671),
('manager', '1000026', 1553072713),
('manager', '4', 1544730423),
('seller', '1000028', 1549463306),
('seller', '5', 1544730606);

-- --------------------------------------------------------

--
-- Структура таблицы `auth_item`
--
-- Создание: Мар 11 2019 г., 11:56
--

DROP TABLE IF EXISTS `auth_item`;
CREATE TABLE IF NOT EXISTS `auth_item` (
  `name` varchar(64) COLLATE utf8_unicode_ci NOT NULL,
  `type` smallint(6) NOT NULL,
  `description` text COLLATE utf8_unicode_ci,
  `rule_name` varchar(64) COLLATE utf8_unicode_ci DEFAULT NULL,
  `data` blob,
  `created_at` int(11) DEFAULT NULL,
  `updated_at` int(11) DEFAULT NULL
) ENGINE=InnoDB DEFAULT CHARSET=utf8 COLLATE=utf8_unicode_ci AVG_ROW_LENGTH=2730;

--
-- Дамп данных таблицы `auth_item`
--

INSERT INTO `auth_item` (`name`, `type`, `description`, `rule_name`, `data`, `created_at`, `updated_at`) VALUES
('/userer/*', 2, NULL, NULL, NULL, 1544659833, 1544659833),
('/userer/index', 2, NULL, NULL, NULL, 1544659796, 1544659796),
('admin', 1, 'Админ', NULL, NULL, 1544660903, 1544660903),
('dealer', 1, 'Диллер', NULL, NULL, 1544661069, 1544661069),
('manager', 1, 'Менеджер', NULL, NULL, 1544661069, 1544661069),
('seller', 1, 'Отдел продаж', NULL, NULL, 1544661069, 1544661069),
('user', 1, 'Юзер', NULL, NULL, 1544660904, 1544660904);

-- --------------------------------------------------------

--
-- Структура таблицы `auth_item_child`
--
-- Создание: Мар 11 2019 г., 11:56
--

DROP TABLE IF EXISTS `auth_item_child`;
CREATE TABLE IF NOT EXISTS `auth_item_child` (
  `parent` varchar(64) COLLATE utf8_unicode_ci NOT NULL,
  `child` varchar(64) COLLATE utf8_unicode_ci NOT NULL
) ENGINE=InnoDB DEFAULT CHARSET=utf8 COLLATE=utf8_unicode_ci;

-- --------------------------------------------------------

--
-- Структура таблицы `auth_rule`
--
-- Создание: Мар 11 2019 г., 11:56
--

DROP TABLE IF EXISTS `auth_rule`;
CREATE TABLE IF NOT EXISTS `auth_rule` (
  `name` varchar(64) COLLATE utf8_unicode_ci NOT NULL,
  `data` blob,
  `created_at` int(11) DEFAULT NULL,
  `updated_at` int(11) DEFAULT NULL
) ENGINE=InnoDB DEFAULT CHARSET=utf8 COLLATE=utf8_unicode_ci;

-- --------------------------------------------------------

--
-- Структура таблицы `city`
--
-- Создание: Мар 11 2019 г., 11:56
--

DROP TABLE IF EXISTS `city`;
CREATE TABLE IF NOT EXISTS `city` (
  `id` int(11) NOT NULL,
  `name` varchar(50) DEFAULT NULL,
  `region` varchar(255) DEFAULT NULL,
  `federal` varchar(255) DEFAULT NULL
) ENGINE=InnoDB AUTO_INCREMENT=3335 DEFAULT CHARSET=utf8 AVG_ROW_LENGTH=118;

--
-- Дамп данных таблицы `city`
--

INSERT INTO `city` (`id`, `name`, `region`, `federal`) VALUES
(1, 'Адыгейск', 'Адыгея', 'Южный'),
(2, 'Майкоп', 'Адыгея', 'Южный'),
(3, 'Горно-Алтайск', 'Алтай', 'Сибирский'),
(4, 'Алейск', 'Алтайский край', 'Сибирский'),
(5, 'Барнаул', 'Алтайский край', 'Сибирский'),
(6, 'Белокуриха', 'Алтайский край', 'Сибирский'),
(7, 'Бийск', 'Алтайский край', 'Сибирский'),
(8, 'Горняк', 'Алтайский край', 'Сибирский'),
(9, 'Заринск', 'Алтайский край', 'Сибирский'),
(10, 'Змеиногорск', 'Алтайский край', 'Сибирский'),
(11, 'Камень-на-Оби', 'Алтайский край', 'Сибирский'),
(12, 'Новоалтайск', 'Алтайский край', 'Сибирский'),
(13, 'Рубцовск', 'Алтайский край', 'Сибирский'),
(14, 'Славгород', 'Алтайский край', 'Сибирский'),
(15, 'Яровое', 'Алтайский край', 'Сибирский'),
(16, 'Белогорск', 'Амурская область', 'Дальневосточный'),
(17, 'Благовещенск', 'Амурская область', 'Дальневосточный'),
(18, 'Завитинск', 'Амурская область', 'Дальневосточный'),
(19, 'Зея', 'Амурская область', 'Дальневосточный'),
(20, 'Райчихинск', 'Амурская область', 'Дальневосточный'),
(21, 'Свободный', 'Амурская область', 'Дальневосточный'),
(22, 'Сковородино', 'Амурская область', 'Дальневосточный'),
(23, 'Тында', 'Амурская область', 'Дальневосточный'),
(24, 'Шимановск', 'Амурская область', 'Дальневосточный'),
(25, 'Архангельск', 'Архангельская область', 'Северо-Западный'),
(26, 'Вельск', 'Архангельская область', 'Северо-Западный'),
(27, 'Каргополь', 'Архангельская область', 'Северо-Западный'),
(28, 'Коряжма', 'Архангельская область', 'Северо-Западный'),
(29, 'Котлас', 'Архангельская область', 'Северо-Западный'),
(30, 'Мезень', 'Архангельская область', 'Северо-Западный'),
(31, 'Мирный', 'Архангельская область', 'Северо-Западный'),
(32, 'Новодвинск', 'Архангельская область', 'Северо-Западный'),
(33, 'Няндома', 'Архангельская область', 'Северо-Западный'),
(34, 'Онега', 'Архангельская область', 'Северо-Западный'),
(35, 'Северодвинск', 'Архангельская область', 'Северо-Западный'),
(36, 'Сольвычегодск', 'Архангельская область', 'Северо-Западный'),
(37, 'Шенкурск', 'Архангельская область', 'Северо-Западный'),
(38, 'Астрахань', 'Астраханская область', 'Южный'),
(39, 'Ахтубинск', 'Астраханская область', 'Южный'),
(40, 'Знаменск', 'Астраханская область', 'Южный'),
(41, 'Камызяк', 'Астраханская область', 'Южный'),
(42, 'Нариманов', 'Астраханская область', 'Южный'),
(43, 'Харабали', 'Астраханская область', 'Южный'),
(44, 'Агидель', 'Башкортостан', 'Приволжский'),
(45, 'Баймак', 'Башкортостан', 'Приволжский'),
(46, 'Белебей', 'Башкортостан', 'Приволжский'),
(47, 'Белорецк', 'Башкортостан', 'Приволжский'),
(48, 'Бирск', 'Башкортостан', 'Приволжский'),
(49, 'Благовещенск', 'Башкортостан', 'Приволжский'),
(50, 'Давлеканово', 'Башкортостан', 'Приволжский'),
(51, 'Дюртюли', 'Башкортостан', 'Приволжский'),
(52, 'Ишимбай', 'Башкортостан', 'Приволжский'),
(53, 'Кумертау', 'Башкортостан', 'Приволжский'),
(54, 'Межгорье', 'Башкортостан', 'Приволжский'),
(55, 'Мелеуз', 'Башкортостан', 'Приволжский'),
(56, 'Нефтекамск', 'Башкортостан', 'Приволжский'),
(57, 'Октябрьский', 'Башкортостан', 'Приволжский'),
(58, 'Салават', 'Башкортостан', 'Приволжский'),
(59, 'Сибай', 'Башкортостан', 'Приволжский'),
(60, 'Стерлитамак', 'Башкортостан', 'Приволжский'),
(61, 'Туймазы', 'Башкортостан', 'Приволжский'),
(62, 'Уфа', 'Башкортостан', 'Приволжский'),
(63, 'Учалы', 'Башкортостан', 'Приволжский'),
(64, 'Янаул', 'Башкортостан', 'Приволжский'),
(65, 'Алексеевка', 'Белгородская область', 'Центральный'),
(66, 'Белгород', 'Белгородская область', 'Центральный'),
(67, 'Бирюч', 'Белгородская область', 'Центральный'),
(68, 'Валуйки', 'Белгородская область', 'Центральный'),
(69, 'Грайворон', 'Белгородская область', 'Центральный'),
(70, 'Губкин', 'Белгородская область', 'Центральный'),
(71, 'Короча', 'Белгородская область', 'Центральный'),
(72, 'Новый Оскол', 'Белгородская область', 'Центральный'),
(73, 'Старый Оскол', 'Белгородская область', 'Центральный'),
(74, 'Строитель', 'Белгородская область', 'Центральный'),
(75, 'Шебекино', 'Белгородская область', 'Центральный'),
(76, 'Брянск', 'Брянская область', 'Центральный'),
(77, 'Дятьково', 'Брянская область', 'Центральный'),
(78, 'Жуковка', 'Брянская область', 'Центральный'),
(79, 'Злынка', 'Брянская область', 'Центральный'),
(80, 'Карачев', 'Брянская область', 'Центральный'),
(81, 'Клинцы', 'Брянская область', 'Центральный'),
(82, 'Мглин', 'Брянская область', 'Центральный'),
(83, 'Новозыбков', 'Брянская область', 'Центральный'),
(84, 'Почеп', 'Брянская область', 'Центральный'),
(85, 'Севск', 'Брянская область', 'Центральный'),
(86, 'Сельцо', 'Брянская область', 'Центральный'),
(87, 'Стародуб', 'Брянская область', 'Центральный'),
(88, 'Сураж', 'Брянская область', 'Центральный'),
(89, 'Трубчевск', 'Брянская область', 'Центральный'),
(90, 'Унеча', 'Брянская область', 'Центральный'),
(91, 'Фокино', 'Брянская область', 'Центральный'),
(92, 'Бабушкин', 'Бурятия', 'Сибирский'),
(93, 'Гусиноозёрск', 'Бурятия', 'Сибирский'),
(94, 'Закаменск', 'Бурятия', 'Сибирский'),
(95, 'Кяхта', 'Бурятия', 'Сибирский'),
(96, 'Северобайкальск', 'Бурятия', 'Сибирский'),
(97, 'Улан-Удэ', 'Бурятия', 'Сибирский'),
(98, 'Александров', 'Владимирская область', 'Центральный'),
(99, 'Владимир', 'Владимирская область', 'Центральный'),
(100, 'Вязники', 'Владимирская область', 'Центральный'),
(101, 'Гороховец', 'Владимирская область', 'Центральный'),
(102, 'Гусь-Хрустальный', 'Владимирская область', 'Центральный'),
(103, 'Камешково', 'Владимирская область', 'Центральный'),
(104, 'Карабаново', 'Владимирская область', 'Центральный'),
(105, 'Киржач', 'Владимирская область', 'Центральный'),
(106, 'Ковров', 'Владимирская область', 'Центральный'),
(107, 'Кольчугино', 'Владимирская область', 'Центральный'),
(108, 'Костерёво', 'Владимирская область', 'Центральный'),
(109, 'Курлово', 'Владимирская область', 'Центральный'),
(110, 'Лакинск', 'Владимирская область', 'Центральный'),
(111, 'Меленки', 'Владимирская область', 'Центральный'),
(112, 'Муром', 'Владимирская область', 'Центральный'),
(113, 'Петушки', 'Владимирская область', 'Центральный'),
(114, 'Покров', 'Владимирская область', 'Центральный'),
(115, 'Радужный', 'Владимирская область', 'Центральный'),
(116, 'Собинка', 'Владимирская область', 'Центральный'),
(117, 'Струнино', 'Владимирская область', 'Центральный'),
(118, 'Судогда', 'Владимирская область', 'Центральный'),
(119, 'Суздаль', 'Владимирская область', 'Центральный'),
(120, 'Юрьев-Польский', 'Владимирская область', 'Центральный'),
(121, 'Волгоград', 'Волгоградская область', 'Южный'),
(122, 'Волжский', 'Волгоградская область', 'Южный'),
(123, 'Дубовка', 'Волгоградская область', 'Южный'),
(124, 'Жирновск', 'Волгоградская область', 'Южный'),
(125, 'Калач-на-Дону', 'Волгоградская область', 'Южный'),
(126, 'Камышин', 'Волгоградская область', 'Южный'),
(127, 'Котельниково', 'Волгоградская область', 'Южный'),
(128, 'Котово', 'Волгоградская область', 'Южный'),
(129, 'Краснослободск', 'Волгоградская область', 'Южный'),
(130, 'Ленинск', 'Волгоградская область', 'Южный'),
(131, 'Михайловка', 'Волгоградская область', 'Южный'),
(132, 'Николаевск', 'Волгоградская область', 'Южный'),
(133, 'Новоаннинский', 'Волгоградская область', 'Южный'),
(134, 'Палласовка', 'Волгоградская область', 'Южный'),
(135, 'Петров Вал', 'Волгоградская область', 'Южный'),
(136, 'Серафимович', 'Волгоградская область', 'Южный'),
(137, 'Суровикино', 'Волгоградская область', 'Южный'),
(138, 'Урюпинск', 'Волгоградская область', 'Южный'),
(139, 'Фролово', 'Волгоградская область', 'Южный'),
(140, 'Бабаево', 'Вологодская область', 'Северо-Западный'),
(141, 'Белозерск', 'Вологодская область', 'Северо-Западный'),
(142, 'Великий Устюг', 'Вологодская область', 'Северо-Западный'),
(143, 'Вологда', 'Вологодская область', 'Северо-Западный'),
(144, 'Вытегра', 'Вологодская область', 'Северо-Западный'),
(145, 'Грязовец', 'Вологодская область', 'Северо-Западный'),
(146, 'Кадников', 'Вологодская область', 'Северо-Западный'),
(147, 'Кириллов', 'Вологодская область', 'Северо-Западный'),
(148, 'Красавино', 'Вологодская область', 'Северо-Западный'),
(149, 'Никольск', 'Вологодская область', 'Северо-Западный'),
(150, 'Сокол', 'Вологодская область', 'Северо-Западный'),
(151, 'Тотьма', 'Вологодская область', 'Северо-Западный'),
(152, 'Устюжна', 'Вологодская область', 'Северо-Западный'),
(153, 'Харовск', 'Вологодская область', 'Северо-Западный'),
(154, 'Череповец', 'Вологодская область', 'Северо-Западный'),
(155, 'Бобров', 'Воронежская область', 'Центральный'),
(156, 'Богучар', 'Воронежская область', 'Центральный'),
(157, 'Борисоглебск', 'Воронежская область', 'Центральный'),
(158, 'Бутурлиновка', 'Воронежская область', 'Центральный'),
(159, 'Воронеж', 'Воронежская область', 'Центральный'),
(160, 'Калач', 'Воронежская область', 'Центральный'),
(161, 'Лиски', 'Воронежская область', 'Центральный'),
(162, 'Нововоронеж', 'Воронежская область', 'Центральный'),
(163, 'Новохопёрск', 'Воронежская область', 'Центральный'),
(164, 'Острогожск', 'Воронежская область', 'Центральный'),
(165, 'Павловск', 'Воронежская область', 'Центральный'),
(166, 'Поворино', 'Воронежская область', 'Центральный'),
(167, 'Россошь', 'Воронежская область', 'Центральный'),
(168, 'Семилуки', 'Воронежская область', 'Центральный'),
(169, 'Эртиль', 'Воронежская область', 'Центральный'),
(170, 'Буйнакск', 'Дагестан', 'Северо-Кавказский'),
(171, 'Дагестанские Огни', 'Дагестан', 'Северо-Кавказский'),
(172, 'Дербент', 'Дагестан', 'Северо-Кавказский'),
(173, 'Избербаш', 'Дагестан', 'Северо-Кавказский'),
(174, 'Каспийск', 'Дагестан', 'Северо-Кавказский'),
(175, 'Кизилюрт', 'Дагестан', 'Северо-Кавказский'),
(176, 'Кизляр', 'Дагестан', 'Северо-Кавказский'),
(177, 'Махачкала', 'Дагестан', 'Северо-Кавказский'),
(178, 'Хасавюрт', 'Дагестан', 'Северо-Кавказский'),
(179, 'Южно-Сухокумск', 'Дагестан', 'Северо-Кавказский'),
(180, 'Биробиджан', 'Еврейская АО', 'Дальневосточный'),
(181, 'Облучье', 'Еврейская АО', 'Дальневосточный'),
(182, 'Балей', 'Забайкальский край', 'Сибирский'),
(183, 'Борзя', 'Забайкальский край', 'Сибирский'),
(184, 'Краснокаменск', 'Забайкальский край', 'Сибирский'),
(185, 'Могоча', 'Забайкальский край', 'Сибирский'),
(186, 'Нерчинск', 'Забайкальский край', 'Сибирский'),
(187, 'Петровск-Забайкальский', 'Забайкальский край', 'Сибирский'),
(188, 'Сретенск', 'Забайкальский край', 'Сибирский'),
(189, 'Хилок', 'Забайкальский край', 'Сибирский'),
(190, 'Чита', 'Забайкальский край', 'Сибирский'),
(191, 'Шилка', 'Забайкальский край', 'Сибирский'),
(192, 'Вичуга', 'Ивановская область', 'Центральный'),
(193, 'Гаврилов Посад', 'Ивановская область', 'Центральный'),
(194, 'Заволжск', 'Ивановская область', 'Центральный'),
(195, 'Иваново', 'Ивановская область', 'Центральный'),
(196, 'Кинешма', 'Ивановская область', 'Центральный'),
(197, 'Комсомольск', 'Ивановская область', 'Центральный'),
(198, 'Кохма', 'Ивановская область', 'Центральный'),
(199, 'Наволоки', 'Ивановская область', 'Центральный'),
(200, 'Плёс', 'Ивановская область', 'Центральный'),
(201, 'Приволжск', 'Ивановская область', 'Центральный'),
(202, 'Пучеж', 'Ивановская область', 'Центральный'),
(203, 'Родники', 'Ивановская область', 'Центральный'),
(204, 'Тейково', 'Ивановская область', 'Центральный'),
(205, 'Фурманов', 'Ивановская область', 'Центральный'),
(206, 'Шуя', 'Ивановская область', 'Центральный'),
(207, 'Южа', 'Ивановская область', 'Центральный'),
(208, 'Юрьевец', 'Ивановская область', 'Центральный'),
(209, 'Карабулак', 'Ингушетия', 'Северо-Кавказский'),
(210, 'Магас', 'Ингушетия', 'Северо-Кавказский'),
(211, 'Малгобек', 'Ингушетия', 'Северо-Кавказский'),
(212, 'Назрань', 'Ингушетия', 'Северо-Кавказский'),
(213, 'Алзамай', 'Иркутская область', 'Сибирский'),
(214, 'Ангарск', 'Иркутская область', 'Сибирский'),
(215, 'Байкальск', 'Иркутская область', 'Сибирский'),
(216, 'Бирюсинск', 'Иркутская область', 'Сибирский'),
(217, 'Бодайбо', 'Иркутская область', 'Сибирский'),
(218, 'Братск', 'Иркутская область', 'Сибирский'),
(219, 'Вихоревка', 'Иркутская область', 'Сибирский'),
(220, 'Железногорск-Илимский', 'Иркутская область', 'Сибирский'),
(221, 'Зима', 'Иркутская область', 'Сибирский'),
(222, 'Иркутск', 'Иркутская область', 'Сибирский'),
(223, 'Киренск', 'Иркутская область', 'Сибирский'),
(224, 'Нижнеудинск', 'Иркутская область', 'Сибирский'),
(225, 'Саянск', 'Иркутская область', 'Сибирский'),
(226, 'Свирск', 'Иркутская область', 'Сибирский'),
(227, 'Слюдянка', 'Иркутская область', 'Сибирский'),
(228, 'Тайшет', 'Иркутская область', 'Сибирский'),
(229, 'Тулун', 'Иркутская область', 'Сибирский'),
(230, 'Усолье-Сибирское', 'Иркутская область', 'Сибирский'),
(231, 'Усть-Илимск', 'Иркутская область', 'Сибирский'),
(232, 'Усть-Кут', 'Иркутская область', 'Сибирский'),
(233, 'Черемхово', 'Иркутская область', 'Сибирский'),
(234, 'Шелехов', 'Иркутская область', 'Сибирский'),
(235, 'Баксан', 'Кабардино-Балкария', 'Северо-Кавказский'),
(236, 'Майский', 'Кабардино-Балкария', 'Северо-Кавказский'),
(237, 'Нальчик', 'Кабардино-Балкария', 'Северо-Кавказский'),
(238, 'Нарткала', 'Кабардино-Балкария', 'Северо-Кавказский'),
(239, 'Прохладный', 'Кабардино-Балкария', 'Северо-Кавказский'),
(240, 'Терек', 'Кабардино-Балкария', 'Северо-Кавказский'),
(241, 'Тырныауз', 'Кабардино-Балкария', 'Северо-Кавказский'),
(242, 'Чегем', 'Кабардино-Балкария', 'Северо-Кавказский'),
(243, 'Багратионовск', 'Калининградская область', 'Северо-Западный'),
(244, 'Балтийск', 'Калининградская область', 'Северо-Западный'),
(245, 'Гвардейск', 'Калининградская область', 'Северо-Западный'),
(246, 'Гурьевск', 'Калининградская область', 'Северо-Западный'),
(247, 'Гусев', 'Калининградская область', 'Северо-Западный'),
(248, 'Зеленоградск', 'Калининградская область', 'Северо-Западный'),
(249, 'Калининград', 'Калининградская область', 'Северо-Западный'),
(250, 'Краснознаменск', 'Калининградская область', 'Северо-Западный'),
(251, 'Ладушкин', 'Калининградская область', 'Северо-Западный'),
(252, 'Мамоново', 'Калининградская область', 'Северо-Западный'),
(253, 'Неман', 'Калининградская область', 'Северо-Западный'),
(254, 'Нестеров', 'Калининградская область', 'Северо-Западный'),
(255, 'Озёрск', 'Калининградская область', 'Северо-Западный'),
(256, 'Пионерский', 'Калининградская область', 'Северо-Западный'),
(257, 'Полесск', 'Калининградская область', 'Северо-Западный'),
(258, 'Правдинск', 'Калининградская область', 'Северо-Западный'),
(259, 'Светлогорск', 'Калининградская область', 'Северо-Западный'),
(260, 'Светлый', 'Калининградская область', 'Северо-Западный'),
(261, 'Славск', 'Калининградская область', 'Северо-Западный'),
(262, 'Советск', 'Калининградская область', 'Северо-Западный'),
(263, 'Черняховск', 'Калининградская область', 'Северо-Западный'),
(264, 'Приморск', 'Калининградская область', 'Северо-Западный'),
(265, 'Городовиковск', 'Калмыкия', 'Южный'),
(266, 'Лагань', 'Калмыкия', 'Южный'),
(267, 'Элиста', 'Калмыкия', 'Южный'),
(268, 'Балабаново', 'Калужская область', 'Центральный'),
(269, 'Белоусово', 'Калужская область', 'Центральный'),
(270, 'Боровск', 'Калужская область', 'Центральный'),
(271, 'Ермолино', 'Калужская область', 'Центральный'),
(272, 'Жиздра', 'Калужская область', 'Центральный'),
(273, 'Жуков', 'Калужская область', 'Центральный'),
(274, 'Калуга', 'Калужская область', 'Центральный'),
(275, 'Киров', 'Калужская область', 'Центральный'),
(276, 'Козельск', 'Калужская область', 'Центральный'),
(277, 'Кондрово', 'Калужская область', 'Центральный'),
(278, 'Кремёнки', 'Калужская область', 'Центральный'),
(279, 'Людиново', 'Калужская область', 'Центральный'),
(280, 'Малоярославец', 'Калужская область', 'Центральный'),
(281, 'Медынь', 'Калужская область', 'Центральный'),
(282, 'Мещовск', 'Калужская область', 'Центральный'),
(283, 'Мосальск', 'Калужская область', 'Центральный'),
(284, 'Обнинск', 'Калужская область', 'Центральный'),
(285, 'Сосенский', 'Калужская область', 'Центральный'),
(286, 'Спас-Деменск', 'Калужская область', 'Центральный'),
(287, 'Сухиничи', 'Калужская область', 'Центральный'),
(288, 'Таруса', 'Калужская область', 'Центральный'),
(289, 'Юхнов', 'Калужская область', 'Центральный'),
(290, 'Вилючинск', 'Камчатский край', 'Дальневосточный'),
(291, 'Елизово', 'Камчатский край', 'Дальневосточный'),
(292, 'Петропавловск-Камчатский', 'Камчатский край', 'Дальневосточный'),
(293, 'Карачаевск', 'Карачаево-Черкесия', 'Северо-Кавказский'),
(294, 'Теберда', 'Карачаево-Черкесия', 'Северо-Кавказский'),
(295, 'Усть-Джегута', 'Карачаево-Черкесия', 'Северо-Кавказский'),
(296, 'Черкесск', 'Карачаево-Черкесия', 'Северо-Кавказский'),
(297, 'Беломорск', 'Карелия', 'Северо-Западный'),
(298, 'Кемь', 'Карелия', 'Северо-Западный'),
(299, 'Кондопога', 'Карелия', 'Северо-Западный'),
(300, 'Костомукша', 'Карелия', 'Северо-Западный'),
(301, 'Лахденпохья', 'Карелия', 'Северо-Западный'),
(302, 'Медвежьегорск', 'Карелия', 'Северо-Западный'),
(303, 'Олонец', 'Карелия', 'Северо-Западный'),
(304, 'Петрозаводск', 'Карелия', 'Северо-Западный'),
(305, 'Питкяранта', 'Карелия', 'Северо-Западный'),
(306, 'Пудож', 'Карелия', 'Северо-Западный'),
(307, 'Сегежа', 'Карелия', 'Северо-Западный'),
(308, 'Сортавала', 'Карелия', 'Северо-Западный'),
(309, 'Суоярви', 'Карелия', 'Северо-Западный'),
(310, 'Анжеро-Судженск', 'Кемеровская область', 'Сибирский'),
(311, 'Белово', 'Кемеровская область', 'Сибирский'),
(312, 'Берёзовский', 'Кемеровская область', 'Сибирский'),
(313, 'Гурьевск', 'Кемеровская область', 'Сибирский'),
(314, 'Калтан', 'Кемеровская область', 'Сибирский'),
(315, 'Кемерово', 'Кемеровская область', 'Сибирский'),
(316, 'Киселёвск', 'Кемеровская область', 'Сибирский'),
(317, 'Ленинск-Кузнецкий', 'Кемеровская область', 'Сибирский'),
(318, 'Мариинск', 'Кемеровская область', 'Сибирский'),
(319, 'Междуреченск', 'Кемеровская область', 'Сибирский'),
(320, 'Мыски', 'Кемеровская область', 'Сибирский'),
(321, 'Новокузнецк', 'Кемеровская область', 'Сибирский'),
(322, 'Осинники', 'Кемеровская область', 'Сибирский'),
(323, 'Полысаево', 'Кемеровская область', 'Сибирский'),
(324, 'Прокопьевск', 'Кемеровская область', 'Сибирский'),
(325, 'Салаир', 'Кемеровская область', 'Сибирский'),
(326, 'Тайга', 'Кемеровская область', 'Сибирский'),
(327, 'Таштагол', 'Кемеровская область', 'Сибирский'),
(328, 'Топки', 'Кемеровская область', 'Сибирский'),
(329, 'Юрга', 'Кемеровская область', 'Сибирский'),
(330, 'Белая Холуница', 'Кировская область', 'Приволжский'),
(331, 'Вятские Поляны', 'Кировская область', 'Приволжский'),
(332, 'Зуевка', 'Кировская область', 'Приволжский'),
(333, 'Киров', 'Кировская область', 'Приволжский'),
(334, 'Кирово-Чепецк', 'Кировская область', 'Приволжский'),
(335, 'Кирс', 'Кировская область', 'Приволжский'),
(336, 'Котельнич', 'Кировская область', 'Приволжский'),
(337, 'Луза', 'Кировская область', 'Приволжский'),
(338, 'Малмыж', 'Кировская область', 'Приволжский'),
(339, 'Мураши', 'Кировская область', 'Приволжский'),
(340, 'Нолинск', 'Кировская область', 'Приволжский'),
(341, 'Омутнинск', 'Кировская область', 'Приволжский'),
(342, 'Орлов', 'Кировская область', 'Приволжский'),
(343, 'Слободской', 'Кировская область', 'Приволжский'),
(344, 'Советск', 'Кировская область', 'Приволжский'),
(345, 'Сосновка', 'Кировская область', 'Приволжский'),
(346, 'Уржум', 'Кировская область', 'Приволжский'),
(347, 'Яранск', 'Кировская область', 'Приволжский'),
(348, 'Воркута', 'Коми', 'Северо-Западный'),
(349, 'Вуктыл', 'Коми', 'Северо-Западный'),
(350, 'Емва', 'Коми', 'Северо-Западный'),
(351, 'Инта', 'Коми', 'Северо-Западный'),
(352, 'Микунь', 'Коми', 'Северо-Западный'),
(353, 'Печора', 'Коми', 'Северо-Западный'),
(354, 'Сосногорск', 'Коми', 'Северо-Западный'),
(355, 'Сыктывкар', 'Коми', 'Северо-Западный'),
(356, 'Усинск', 'Коми', 'Северо-Западный'),
(357, 'Ухта', 'Коми', 'Северо-Западный'),
(358, 'Буй', 'Костромская область', 'Центральный'),
(359, 'Волгореченск', 'Костромская область', 'Центральный'),
(360, 'Галич', 'Костромская область', 'Центральный'),
(361, 'Кологрив', 'Костромская область', 'Центральный'),
(362, 'Кострома', 'Костромская область', 'Центральный'),
(363, 'Макарьев', 'Костромская область', 'Центральный'),
(364, 'Мантурово', 'Костромская область', 'Центральный'),
(365, 'Нерехта', 'Костромская область', 'Центральный'),
(366, 'Нея', 'Костромская область', 'Центральный'),
(367, 'Солигалич', 'Костромская область', 'Центральный'),
(368, 'Чухлома', 'Костромская область', 'Центральный'),
(369, 'Шарья', 'Костромская область', 'Центральный'),
(370, 'Абинск', 'Краснодарский край', 'Южный'),
(371, 'Анапа', 'Краснодарский край', 'Южный'),
(372, 'Апшеронск', 'Краснодарский край', 'Южный'),
(373, 'Армавир', 'Краснодарский край', 'Южный'),
(374, 'Белореченск', 'Краснодарский край', 'Южный'),
(375, 'Геленджик', 'Краснодарский край', 'Южный'),
(376, 'Горячий Ключ', 'Краснодарский край', 'Южный'),
(377, 'Гулькевичи', 'Краснодарский край', 'Южный'),
(378, 'Ейск', 'Краснодарский край', 'Южный'),
(379, 'Кореновск', 'Краснодарский край', 'Южный'),
(380, 'Краснодар', 'Краснодарский край', 'Южный'),
(381, 'Кропоткин', 'Краснодарский край', 'Южный'),
(382, 'Крымск', 'Краснодарский край', 'Южный'),
(383, 'Курганинск', 'Краснодарский край', 'Южный'),
(384, 'Лабинск', 'Краснодарский край', 'Южный'),
(385, 'Новокубанск', 'Краснодарский край', 'Южный'),
(386, 'Новороссийск', 'Краснодарский край', 'Южный'),
(387, 'Приморско-Ахтарск', 'Краснодарский край', 'Южный'),
(388, 'Славянск-на-Кубани', 'Краснодарский край', 'Южный'),
(389, 'Сочи', 'Краснодарский край', 'Южный'),
(390, 'Темрюк', 'Краснодарский край', 'Южный'),
(391, 'Тимашёвск', 'Краснодарский край', 'Южный'),
(392, 'Тихорецк', 'Краснодарский край', 'Южный'),
(393, 'Туапсе', 'Краснодарский край', 'Южный'),
(394, 'Усть-Лабинск', 'Краснодарский край', 'Южный'),
(395, 'Хадыженск', 'Краснодарский край', 'Южный'),
(396, 'Артёмовск', 'Красноярский край', 'Сибирский'),
(397, 'Ачинск', 'Красноярский край', 'Сибирский'),
(398, 'Боготол', 'Красноярский край', 'Сибирский'),
(399, 'Бородино', 'Красноярский край', 'Сибирский'),
(400, 'Дивногорск', 'Красноярский край', 'Сибирский'),
(401, 'Дудинка', 'Красноярский край', 'Сибирский'),
(402, 'Енисейск', 'Красноярский край', 'Сибирский'),
(403, 'Железногорск', 'Красноярский край', 'Сибирский'),
(404, 'Заозёрный', 'Красноярский край', 'Сибирский'),
(405, 'Зеленогорск', 'Красноярский край', 'Сибирский'),
(406, 'Игарка', 'Красноярский край', 'Сибирский'),
(407, 'Иланский', 'Красноярский край', 'Сибирский'),
(408, 'Канск', 'Красноярский край', 'Сибирский'),
(409, 'Кодинск', 'Красноярский край', 'Сибирский'),
(410, 'Красноярск', 'Красноярский край', 'Сибирский'),
(411, 'Лесосибирск', 'Красноярский край', 'Сибирский'),
(412, 'Минусинск', 'Красноярский край', 'Сибирский'),
(413, 'Назарово', 'Красноярский край', 'Сибирский'),
(414, 'Норильск', 'Красноярский край', 'Сибирский'),
(415, 'Сосновоборск', 'Красноярский край', 'Сибирский'),
(416, 'Ужур', 'Красноярский край', 'Сибирский'),
(417, 'Уяр', 'Красноярский край', 'Сибирский'),
(418, 'Шарыпово', 'Красноярский край', 'Сибирский'),
(419, 'Далматово', 'Курганская область', 'Уральский'),
(420, 'Катайск', 'Курганская область', 'Уральский'),
(421, 'Курган', 'Курганская область', 'Уральский'),
(422, 'Куртамыш', 'Курганская область', 'Уральский'),
(423, 'Макушино', 'Курганская область', 'Уральский'),
(424, 'Петухово', 'Курганская область', 'Уральский'),
(425, 'Шадринск', 'Курганская область', 'Уральский'),
(426, 'Шумиха', 'Курганская область', 'Уральский'),
(427, 'Щучье', 'Курганская область', 'Уральский'),
(428, 'Дмитриев', 'Курская область', 'Центральный'),
(429, 'Железногорск', 'Курская область', 'Центральный'),
(430, 'Курск', 'Курская область', 'Центральный'),
(431, 'Курчатов', 'Курская область', 'Центральный'),
(432, 'Льгов', 'Курская область', 'Центральный'),
(433, 'Обоянь', 'Курская область', 'Центральный'),
(434, 'Рыльск', 'Курская область', 'Центральный'),
(435, 'Суджа', 'Курская область', 'Центральный'),
(436, 'Фатеж', 'Курская область', 'Центральный'),
(437, 'Щигры', 'Курская область', 'Центральный'),
(438, 'Бокситогорск', 'Ленинградская область', 'Северо-Западный'),
(439, 'Волосово', 'Ленинградская область', 'Северо-Западный'),
(440, 'Волхов', 'Ленинградская область', 'Северо-Западный'),
(441, 'Всеволожск', 'Ленинградская область', 'Северо-Западный'),
(442, 'Выборг', 'Ленинградская область', 'Северо-Западный'),
(443, 'Высоцк', 'Ленинградская область', 'Северо-Западный'),
(444, 'Гатчина', 'Ленинградская область', 'Северо-Западный'),
(445, 'Ивангород', 'Ленинградская область', 'Северо-Западный'),
(446, 'Каменногорск', 'Ленинградская область', 'Северо-Западный'),
(447, 'Кингисепп', 'Ленинградская область', 'Северо-Западный'),
(448, 'Кириши', 'Ленинградская область', 'Северо-Западный'),
(449, 'Кировск', 'Ленинградская область', 'Северо-Западный'),
(450, 'Коммунар', 'Ленинградская область', 'Северо-Западный'),
(451, 'Лодейное Поле', 'Ленинградская область', 'Северо-Западный'),
(452, 'Луга', 'Ленинградская область', 'Северо-Западный'),
(453, 'Любань', 'Ленинградская область', 'Северо-Западный'),
(454, 'Никольское', 'Ленинградская область', 'Северо-Западный'),
(455, 'Новая Ладога', 'Ленинградская область', 'Северо-Западный'),
(456, 'Отрадное', 'Ленинградская область', 'Северо-Западный'),
(457, 'Пикалёво', 'Ленинградская область', 'Северо-Западный'),
(458, 'Подпорожье', 'Ленинградская область', 'Северо-Западный'),
(459, 'Приморск', 'Ленинградская область', 'Северо-Западный'),
(460, 'Приозерск', 'Ленинградская область', 'Северо-Западный'),
(461, 'Светогорск', 'Ленинградская область', 'Северо-Западный'),
(462, 'Сертолово', 'Ленинградская область', 'Северо-Западный'),
(463, 'Сланцы', 'Ленинградская область', 'Северо-Западный'),
(464, 'Сосновый Бор', 'Ленинградская область', 'Северо-Западный'),
(465, 'Сясьстрой', 'Ленинградская область', 'Северо-Западный'),
(466, 'Тихвин', 'Ленинградская область', 'Северо-Западный'),
(467, 'Тосно', 'Ленинградская область', 'Северо-Западный'),
(468, 'Шлиссельбург', 'Ленинградская область', 'Северо-Западный'),
(469, 'Грязи', 'Липецкая область', 'Центральный'),
(470, 'Данков', 'Липецкая область', 'Центральный'),
(471, 'Елец', 'Липецкая область', 'Центральный'),
(472, 'Задонск', 'Липецкая область', 'Центральный'),
(473, 'Лебедянь', 'Липецкая область', 'Центральный'),
(474, 'Липецк', 'Липецкая область', 'Центральный'),
(475, 'Усмань', 'Липецкая область', 'Центральный'),
(476, 'Чаплыгин', 'Липецкая область', 'Центральный'),
(477, 'Магадан', 'Магаданская область', 'Дальневосточный'),
(478, 'Сусуман', 'Магаданская область', 'Дальневосточный'),
(479, 'Волжск', 'Марий Эл', 'Приволжский'),
(480, 'Звенигово', 'Марий Эл', 'Приволжский'),
(481, 'Йошкар-Ола', 'Марий Эл', 'Приволжский'),
(482, 'Козьмодемьянск', 'Марий Эл', 'Приволжский'),
(483, 'Ардатов', 'Мордовия', 'Приволжский'),
(484, 'Инсар', 'Мордовия', 'Приволжский'),
(485, 'Ковылкино', 'Мордовия', 'Приволжский'),
(486, 'Краснослободск', 'Мордовия', 'Приволжский'),
(487, 'Рузаевка', 'Мордовия', 'Приволжский'),
(488, 'Саранск', 'Мордовия', 'Приволжский'),
(489, 'Темников', 'Мордовия', 'Приволжский'),
(490, 'Москва', 'Москва', 'Центральный'),
(491, 'Апрелевка', 'Московская область', 'Центральный'),
(492, 'Балашиха', 'Московская область', 'Центральный'),
(493, 'Бронницы', 'Московская область', 'Центральный'),
(494, 'Верея', 'Московская область', 'Центральный'),
(495, 'Видное', 'Московская область', 'Центральный'),
(496, 'Волоколамск', 'Московская область', 'Центральный'),
(497, 'Воскресенск', 'Московская область', 'Центральный'),
(498, 'Высоковск', 'Московская область', 'Центральный'),
(499, 'Голицыно', 'Московская область', 'Центральный'),
(500, 'Дедовск', 'Московская область', 'Центральный'),
(501, 'Дзержинский', 'Московская область', 'Центральный'),
(502, 'Дмитров', 'Московская область', 'Центральный'),
(503, 'Долгопрудный', 'Московская область', 'Центральный'),
(504, 'Домодедово', 'Московская область', 'Центральный'),
(505, 'Дрезна', 'Московская область', 'Центральный'),
(506, 'Дубна', 'Московская область', 'Центральный'),
(507, 'Егорьевск', 'Московская область', 'Центральный'),
(508, 'Железнодорожный', 'Московская область', 'Центральный'),
(509, 'Жуковский', 'Московская область', 'Центральный'),
(510, 'Зарайск', 'Московская область', 'Центральный'),
(511, 'Звенигород', 'Московская область', 'Центральный'),
(512, 'Ивантеевка', 'Московская область', 'Центральный'),
(513, 'Истра', 'Московская область', 'Центральный'),
(514, 'Кашира', 'Московская область', 'Центральный'),
(515, 'Климовск', 'Московская область', 'Центральный'),
(516, 'Клин', 'Московская область', 'Центральный'),
(517, 'Коломна', 'Московская область', 'Центральный'),
(518, 'Котельники', 'Московская область', 'Центральный'),
(519, 'Королёв', 'Московская область', 'Центральный'),
(520, 'Красноармейск', 'Московская область', 'Центральный'),
(521, 'Красногорск', 'Московская область', 'Центральный'),
(522, 'Краснозаводск', 'Московская область', 'Центральный'),
(523, 'Краснознаменск', 'Московская область', 'Центральный'),
(524, 'Кубинка', 'Московская область', 'Центральный'),
(525, 'Куровское', 'Московская область', 'Центральный'),
(526, 'Ликино-Дулёво', 'Московская область', 'Центральный'),
(527, 'Лобня', 'Московская область', 'Центральный'),
(528, 'Лосино-Петровский', 'Московская область', 'Центральный'),
(529, 'Луховицы', 'Московская область', 'Центральный'),
(530, 'Лыткарино', 'Московская область', 'Центральный'),
(531, 'Люберцы', 'Московская область', 'Центральный'),
(532, 'Можайск', 'Московская область', 'Центральный'),
(533, 'Московский', 'Москва', 'Центральный'),
(534, 'Мытищи', 'Московская область', 'Центральный'),
(535, 'Наро-Фоминск', 'Московская область', 'Центральный'),
(536, 'Ногинск', 'Московская область', 'Центральный'),
(537, 'Одинцово', 'Московская область', 'Центральный'),
(538, 'Ожерелье', 'Московская область', 'Центральный'),
(539, 'Озёры', 'Московская область', 'Центральный'),
(540, 'Орехово-Зуево', 'Московская область', 'Центральный'),
(541, 'Павловский Посад', 'Московская область', 'Центральный'),
(542, 'Пересвет', 'Московская область', 'Центральный'),
(543, 'Подольск', 'Московская область', 'Центральный'),
(544, 'Протвино', 'Московская область', 'Центральный'),
(545, 'Пушкино', 'Московская область', 'Центральный'),
(546, 'Пущино', 'Московская область', 'Центральный'),
(547, 'Раменское', 'Московская область', 'Центральный'),
(548, 'Реутов', 'Московская область', 'Центральный'),
(549, 'Рошаль', 'Московская область', 'Центральный'),
(550, 'Руза', 'Московская область', 'Центральный'),
(551, 'Сергиев Посад', 'Московская область', 'Центральный'),
(552, 'Серпухов', 'Московская область', 'Центральный'),
(553, 'Солнечногорск', 'Московская область', 'Центральный'),
(554, 'Старая Купавна', 'Московская область', 'Центральный'),
(555, 'Ступино', 'Московская область', 'Центральный'),
(556, 'Талдом', 'Московская область', 'Центральный'),
(557, 'Троицк', 'Москва', 'Центральный'),
(558, 'Фрязино', 'Московская область', 'Центральный'),
(559, 'Химки', 'Московская область', 'Центральный'),
(560, 'Хотьково', 'Московская область', 'Центральный'),
(561, 'Черноголовка', 'Московская область', 'Центральный'),
(562, 'Чехов', 'Московская область', 'Центральный'),
(563, 'Шатура', 'Московская область', 'Центральный'),
(564, 'Щёлково', 'Московская область', 'Центральный'),
(565, 'Щербинка', 'Москва', 'Центральный'),
(566, 'Электрогорск', 'Московская область', 'Центральный'),
(567, 'Электросталь', 'Московская область', 'Центральный'),
(568, 'Электроугли', 'Московская область', 'Центральный'),
(569, 'Юбилейный', 'Московская область', 'Центральный'),
(570, 'Яхрома', 'Московская область', 'Центральный'),
(571, 'Апатиты', 'Мурманская область', 'Северо-Западный'),
(572, 'Гаджиево', 'Мурманская область', 'Северо-Западный'),
(573, 'Заозёрск', 'Мурманская область', 'Северо-Западный'),
(574, 'Заполярный', 'Мурманская область', 'Северо-Западный'),
(575, 'Кандалакша', 'Мурманская область', 'Северо-Западный'),
(576, 'Кировск', 'Мурманская область', 'Северо-Западный'),
(577, 'Ковдор', 'Мурманская область', 'Северо-Западный'),
(578, 'Кола', 'Мурманская область', 'Северо-Западный'),
(579, 'Мончегорск', 'Мурманская область', 'Северо-Западный'),
(580, 'Мурманск', 'Мурманская область', 'Северо-Западный'),
(581, 'Оленегорск', 'Мурманская область', 'Северо-Западный'),
(582, 'Островной', 'Мурманская область', 'Северо-Западный'),
(583, 'Полярные Зори', 'Мурманская область', 'Северо-Западный'),
(584, 'Полярный', 'Мурманская область', 'Северо-Западный'),
(585, 'Североморск', 'Мурманская область', 'Северо-Западный'),
(586, 'Снежногорск', 'Мурманская область', 'Северо-Западный'),
(587, 'Нарьян-Мар', 'Ненецкий Авт. Окр.', 'Северо-Западный'),
(588, 'Арзамас', 'Нижегородская область', 'Приволжский'),
(589, 'Балахна', 'Нижегородская область', 'Приволжский'),
(590, 'Богородск', 'Нижегородская область', 'Приволжский'),
(591, 'Бор', 'Нижегородская область', 'Приволжский'),
(592, 'Ветлуга', 'Нижегородская область', 'Приволжский'),
(593, 'Володарск', 'Нижегородская область', 'Приволжский'),
(594, 'Ворсма', 'Нижегородская область', 'Приволжский'),
(595, 'Выкса', 'Нижегородская область', 'Приволжский'),
(596, 'Горбатов', 'Нижегородская область', 'Приволжский'),
(597, 'Городец', 'Нижегородская область', 'Приволжский'),
(598, 'Дзержинск', 'Нижегородская область', 'Приволжский'),
(599, 'Заволжье', 'Нижегородская область', 'Приволжский'),
(600, 'Княгинино', 'Нижегородская область', 'Приволжский'),
(601, 'Кстово', 'Нижегородская область', 'Приволжский'),
(602, 'Кулебаки', 'Нижегородская область', 'Приволжский'),
(603, 'Лукоянов', 'Нижегородская область', 'Приволжский'),
(604, 'Лысково', 'Нижегородская область', 'Приволжский'),
(605, 'Навашино', 'Нижегородская область', 'Приволжский'),
(606, 'Нижний Новгород', 'Нижегородская область', 'Приволжский'),
(607, 'Павлово', 'Нижегородская область', 'Приволжский'),
(608, 'Первомайск', 'Нижегородская область', 'Приволжский'),
(609, 'Перевоз', 'Нижегородская область', 'Приволжский'),
(610, 'Саров', 'Нижегородская область', 'Приволжский'),
(611, 'Семёнов', 'Нижегородская область', 'Приволжский'),
(612, 'Сергач', 'Нижегородская область', 'Приволжский'),
(613, 'Урень', 'Нижегородская область', 'Приволжский'),
(614, 'Чкаловск', 'Нижегородская область', 'Приволжский'),
(615, 'Шахунья', 'Нижегородская область', 'Приволжский'),
(616, 'Боровичи', 'Новгородская область', 'Северо-Западный'),
(617, 'Валдай', 'Новгородская область', 'Северо-Западный'),
(618, 'Великий Новгород', 'Новгородская область', 'Северо-Западный'),
(619, 'Малая Вишера', 'Новгородская область', 'Северо-Западный'),
(620, 'Окуловка', 'Новгородская область', 'Северо-Западный'),
(621, 'Пестово', 'Новгородская область', 'Северо-Западный'),
(622, 'Сольцы', 'Новгородская область', 'Северо-Западный'),
(623, 'Старая Русса', 'Новгородская область', 'Северо-Западный'),
(624, 'Холм', 'Новгородская область', 'Северо-Западный'),
(625, 'Чудово', 'Новгородская область', 'Северо-Западный'),
(626, 'Барабинск', 'Новосибирская область', 'Сибирский'),
(627, 'Бердск', 'Новосибирская область', 'Сибирский'),
(628, 'Болотное', 'Новосибирская область', 'Сибирский'),
(629, 'Искитим', 'Новосибирская область', 'Сибирский'),
(630, 'Карасук', 'Новосибирская область', 'Сибирский'),
(631, 'Каргат', 'Новосибирская область', 'Сибирский'),
(632, 'Куйбышев', 'Новосибирская область', 'Сибирский'),
(633, 'Купино', 'Новосибирская область', 'Сибирский'),
(634, 'Новосибирск', 'Новосибирская область', 'Сибирский'),
(635, 'Обь', 'Новосибирская область', 'Сибирский'),
(636, 'Татарск', 'Новосибирская область', 'Сибирский'),
(637, 'Тогучин', 'Новосибирская область', 'Сибирский'),
(638, 'Черепаново', 'Новосибирская область', 'Сибирский'),
(639, 'Чулым', 'Новосибирская область', 'Сибирский'),
(640, 'Исилькуль', 'Омская область', 'Сибирский'),
(641, 'Калачинск', 'Омская область', 'Сибирский'),
(642, 'Называевск', 'Омская область', 'Сибирский'),
(643, 'Омск', 'Омская область', 'Сибирский'),
(644, 'Тара', 'Омская область', 'Сибирский'),
(645, 'Тюкалинск', 'Омская область', 'Сибирский'),
(646, 'Абдулино', 'Оренбургская область', 'Приволжский'),
(647, 'Бугуруслан', 'Оренбургская область', 'Приволжский'),
(648, 'Бузулук', 'Оренбургская область', 'Приволжский'),
(649, 'Гай', 'Оренбургская область', 'Приволжский'),
(650, 'Кувандык', 'Оренбургская область', 'Приволжский'),
(651, 'Медногорск', 'Оренбургская область', 'Приволжский'),
(652, 'Новотроицк', 'Оренбургская область', 'Приволжский'),
(653, 'Оренбург', 'Оренбургская область', 'Приволжский'),
(654, 'Орск', 'Оренбургская область', 'Приволжский'),
(655, 'Соль-Илецк', 'Оренбургская область', 'Приволжский'),
(656, 'Сорочинск', 'Оренбургская область', 'Приволжский'),
(657, 'Ясный', 'Оренбургская область', 'Приволжский'),
(658, 'Болхов', 'Орловская область', 'Центральный'),
(659, 'Дмитровск', 'Орловская область', 'Центральный'),
(660, 'Ливны', 'Орловская область', 'Центральный'),
(661, 'Малоархангельск', 'Орловская область', 'Центральный'),
(662, 'Мценск', 'Орловская область', 'Центральный'),
(663, 'Новосиль', 'Орловская область', 'Центральный'),
(664, 'Орёл', 'Орловская область', 'Центральный'),
(665, 'Белинский', 'Пензенская область', 'Приволжский'),
(666, 'Городище', 'Пензенская область', 'Приволжский'),
(667, 'Заречный', 'Пензенская область', 'Приволжский'),
(668, 'Каменка', 'Пензенская область', 'Приволжский'),
(669, 'Кузнецк', 'Пензенская область', 'Приволжский'),
(670, 'Нижний Ломов', 'Пензенская область', 'Приволжский'),
(671, 'Никольск', 'Пензенская область', 'Приволжский'),
(672, 'Пенза', 'Пензенская область', 'Приволжский'),
(673, 'Сердобск', 'Пензенская область', 'Приволжский'),
(674, 'Спасск', 'Пензенская область', 'Приволжский'),
(675, 'Сурск', 'Пензенская область', 'Приволжский'),
(676, 'Александровск', 'Пермский край', 'Приволжский'),
(677, 'Березники', 'Пермский край', 'Приволжский'),
(678, 'Верещагино', 'Пермский край', 'Приволжский'),
(679, 'Горнозаводск', 'Пермский край', 'Приволжский'),
(680, 'Гремячинск', 'Пермский край', 'Приволжский'),
(681, 'Губаха', 'Пермский край', 'Приволжский'),
(682, 'Добрянка', 'Пермский край', 'Приволжский'),
(683, 'Кизел', 'Пермский край', 'Приволжский'),
(684, 'Красновишерск', 'Пермский край', 'Приволжский'),
(685, 'Краснокамск', 'Пермский край', 'Приволжский'),
(686, 'Кудымкар', 'Пермский край', 'Приволжский'),
(687, 'Кунгур', 'Пермский край', 'Приволжский'),
(688, 'Лысьва', 'Пермский край', 'Приволжский'),
(689, 'Нытва', 'Пермский край', 'Приволжский'),
(690, 'Оса', 'Пермский край', 'Приволжский'),
(691, 'Оханск', 'Пермский край', 'Приволжский'),
(692, 'Очёр', 'Пермский край', 'Приволжский'),
(693, 'Пермь', 'Пермский край', 'Приволжский'),
(694, 'Соликамск', 'Пермский край', 'Приволжский'),
(695, 'Усолье', 'Пермский край', 'Приволжский'),
(696, 'Чайковский', 'Пермский край', 'Приволжский'),
(697, 'Чердынь', 'Пермский край', 'Приволжский'),
(698, 'Чёрмоз', 'Пермский край', 'Приволжский'),
(699, 'Чернушка', 'Пермский край', 'Приволжский'),
(700, 'Чусовой', 'Пермский край', 'Приволжский'),
(701, 'Арсеньев', 'Приморский край', 'Дальневосточный'),
(702, 'Артём', 'Приморский край', 'Дальневосточный'),
(703, 'Большой Камень', 'Приморский край', 'Дальневосточный'),
(704, 'Владивосток', 'Приморский край', 'Дальневосточный'),
(705, 'Дальнегорск', 'Приморский край', 'Дальневосточный'),
(706, 'Дальнереченск', 'Приморский край', 'Дальневосточный'),
(707, 'Лесозаводск', 'Приморский край', 'Дальневосточный'),
(708, 'Находка', 'Приморский край', 'Дальневосточный'),
(709, 'Партизанск', 'Приморский край', 'Дальневосточный'),
(710, 'Спасск-Дальний', 'Приморский край', 'Дальневосточный'),
(711, 'Уссурийск', 'Приморский край', 'Дальневосточный'),
(712, 'Фокино', 'Приморский край', 'Дальневосточный'),
(713, 'Великие Луки', 'Псковская область', 'Северо-Западный'),
(714, 'Гдов', 'Псковская область', 'Северо-Западный'),
(715, 'Дно', 'Псковская область', 'Северо-Западный'),
(716, 'Невель', 'Псковская область', 'Северо-Западный'),
(717, 'Новоржев', 'Псковская область', 'Северо-Западный'),
(718, 'Новосокольники', 'Псковская область', 'Северо-Западный'),
(719, 'Опочка', 'Псковская область', 'Северо-Западный'),
(720, 'Остров', 'Псковская область', 'Северо-Западный'),
(721, 'Печоры', 'Псковская область', 'Северо-Западный'),
(722, 'Порхов', 'Псковская область', 'Северо-Западный'),
(723, 'Псков', 'Псковская область', 'Северо-Западный'),
(724, 'Пустошка', 'Псковская область', 'Северо-Западный'),
(725, 'Пыталово', 'Псковская область', 'Северо-Западный'),
(726, 'Себеж', 'Псковская область', 'Северо-Западный'),
(727, 'Азов', 'Ростовская область', 'Южный'),
(728, 'Аксай', 'Ростовская область', 'Южный'),
(729, 'Батайск', 'Ростовская область', 'Южный'),
(730, 'Белая Калитва', 'Ростовская область', 'Южный'),
(731, 'Волгодонск', 'Ростовская область', 'Южный'),
(732, 'Гуково', 'Ростовская область', 'Южный'),
(733, 'Донецк', 'Ростовская область', 'Южный'),
(734, 'Зверево', 'Ростовская область', 'Южный'),
(735, 'Зерноград', 'Ростовская область', 'Южный'),
(736, 'Каменск-Шахтинский', 'Ростовская область', 'Южный'),
(737, 'Константиновск', 'Ростовская область', 'Южный'),
(738, 'Красный Сулин', 'Ростовская область', 'Южный'),
(739, 'Миллерово', 'Ростовская область', 'Южный'),
(740, 'Морозовск', 'Ростовская область', 'Южный'),
(741, 'Новочеркасск', 'Ростовская область', 'Южный'),
(742, 'Новошахтинск', 'Ростовская область', 'Южный'),
(743, 'Пролетарск', 'Ростовская область', 'Южный'),
(744, 'Ростов-на-Дону', 'Ростовская область', 'Южный'),
(745, 'Сальск', 'Ростовская область', 'Южный'),
(746, 'Семикаракорск', 'Ростовская область', 'Южный'),
(747, 'Таганрог', 'Ростовская область', 'Южный'),
(748, 'Цимлянск', 'Ростовская область', 'Южный'),
(749, 'Шахты', 'Ростовская область', 'Южный'),
(750, 'Касимов', 'Рязанская область', 'Центральный'),
(751, 'Кораблино', 'Рязанская область', 'Центральный'),
(752, 'Михайлов', 'Рязанская область', 'Центральный'),
(753, 'Новомичуринск', 'Рязанская область', 'Центральный'),
(754, 'Рыбное', 'Рязанская область', 'Центральный'),
(755, 'Ряжск', 'Рязанская область', 'Центральный'),
(756, 'Рязань', 'Рязанская область', 'Центральный'),
(757, 'Сасово', 'Рязанская область', 'Центральный'),
(758, 'Скопин', 'Рязанская область', 'Центральный'),
(759, 'Спас-Клепики', 'Рязанская область', 'Центральный'),
(760, 'Спасск-Рязанский', 'Рязанская область', 'Центральный'),
(761, 'Шацк', 'Рязанская область', 'Центральный'),
(762, 'Жигулёвск', 'Самарская область', 'Приволжский'),
(763, 'Кинель', 'Самарская область', 'Приволжский'),
(764, 'Нефтегорск', 'Самарская область', 'Приволжский'),
(765, 'Новокуйбышевск', 'Самарская область', 'Приволжский'),
(766, 'Октябрьск', 'Самарская область', 'Приволжский'),
(767, 'Отрадный', 'Самарская область', 'Приволжский'),
(768, 'Похвистнево', 'Самарская область', 'Приволжский'),
(769, 'Самара', 'Самарская область', 'Приволжский'),
(770, 'Сызрань', 'Самарская область', 'Приволжский'),
(771, 'Тольятти', 'Самарская область', 'Приволжский'),
(772, 'Чапаевск', 'Самарская область', 'Приволжский'),
(773, 'Зеленогорск', 'Санкт-Петербург', 'Северо-Западный'),
(774, 'Колпино', 'Санкт-Петербург', 'Северо-Западный'),
(775, 'Красное Село', 'Санкт-Петербург', 'Северо-Западный'),
(776, 'Кронштадт', 'Санкт-Петербург', 'Северо-Западный'),
(777, 'Ломоносов', 'Санкт-Петербург', 'Северо-Западный'),
(778, 'Павловск', 'Санкт-Петербург', 'Северо-Западный'),
(779, 'Петергоф', 'Санкт-Петербург', 'Северо-Западный'),
(780, 'Пушкин', 'Санкт-Петербург', 'Северо-Западный'),
(781, 'Санкт-Петербург', 'Санкт-Петербург', 'Северо-Западный'),
(782, 'Сестрорецк', 'Санкт-Петербург', 'Северо-Западный'),
(783, 'Аркадак', 'Саратовская область', 'Приволжский'),
(784, 'Аткарск', 'Саратовская область', 'Приволжский'),
(785, 'Балаково', 'Саратовская область', 'Приволжский'),
(786, 'Балашов', 'Саратовская область', 'Приволжский'),
(787, 'Вольск', 'Саратовская область', 'Приволжский'),
(788, 'Ершов', 'Саратовская область', 'Приволжский'),
(789, 'Калининск', 'Саратовская область', 'Приволжский'),
(790, 'Красноармейск', 'Саратовская область', 'Приволжский'),
(791, 'Красный Кут', 'Саратовская область', 'Приволжский'),
(792, 'Маркс', 'Саратовская область', 'Приволжский'),
(793, 'Новоузенск', 'Саратовская область', 'Приволжский'),
(794, 'Петровск', 'Саратовская область', 'Приволжский'),
(795, 'Пугачёв', 'Саратовская область', 'Приволжский'),
(796, 'Ртищево', 'Саратовская область', 'Приволжский'),
(797, 'Саратов', 'Саратовская область', 'Приволжский'),
(798, 'Хвалынск', 'Саратовская область', 'Приволжский'),
(799, 'Шиханы', 'Саратовская область', 'Приволжский'),
(800, 'Энгельс', 'Саратовская область', 'Приволжский'),
(801, 'Александровск-Сахалинский', 'Сахалинская область', 'Дальневосточный'),
(802, 'Анива', 'Сахалинская область', 'Дальневосточный'),
(803, 'Долинск', 'Сахалинская область', 'Дальневосточный'),
(804, 'Корсаков', 'Сахалинская область', 'Дальневосточный'),
(805, 'Курильск', 'Сахалинская область', 'Дальневосточный'),
(806, 'Макаров', 'Сахалинская область', 'Дальневосточный'),
(807, 'Невельск', 'Сахалинская область', 'Дальневосточный'),
(808, 'Оха', 'Сахалинская область', 'Дальневосточный'),
(809, 'Поронайск', 'Сахалинская область', 'Дальневосточный'),
(810, 'Северо-Курильск', 'Сахалинская область', 'Дальневосточный'),
(811, 'Томари', 'Сахалинская область', 'Дальневосточный'),
(812, 'Углегорск', 'Сахалинская область', 'Дальневосточный'),
(813, 'Холмск', 'Сахалинская область', 'Дальневосточный'),
(814, 'Шахтёрск', 'Сахалинская область', 'Дальневосточный'),
(815, 'Южно-Сахалинск', 'Сахалинская область', 'Дальневосточный'),
(816, 'Алапаевск', 'Свердловская область', 'Уральский'),
(817, 'Арамиль', 'Свердловская область', 'Уральский'),
(818, 'Артёмовский', 'Свердловская область', 'Уральский'),
(819, 'Асбест', 'Свердловская область', 'Уральский'),
(820, 'Берёзовский', 'Свердловская область', 'Уральский'),
(821, 'Богданович', 'Свердловская область', 'Уральский'),
(822, 'Верхний Тагил', 'Свердловская область', 'Уральский'),
(823, 'Верхняя Пышма', 'Свердловская область', 'Уральский'),
(824, 'Верхняя Салда', 'Свердловская область', 'Уральский'),
(825, 'Верхняя Тура', 'Свердловская область', 'Уральский'),
(826, 'Верхотурье', 'Свердловская область', 'Уральский'),
(827, 'Волчанск', 'Свердловская область', 'Уральский'),
(828, 'Дегтярск', 'Свердловская область', 'Уральский'),
(829, 'Екатеринбург', 'Свердловская область', 'Уральский'),
(830, 'Заречный', 'Свердловская область', 'Уральский'),
(831, 'Ивдель', 'Свердловская область', 'Уральский'),
(832, 'Ирбит', 'Свердловская область', 'Уральский'),
(833, 'Каменск-Уральский', 'Свердловская область', 'Уральский'),
(834, 'Камышлов', 'Свердловская область', 'Уральский'),
(835, 'Карпинск', 'Свердловская область', 'Уральский'),
(836, 'Качканар', 'Свердловская область', 'Уральский'),
(837, 'Кировград', 'Свердловская область', 'Уральский'),
(838, 'Краснотурьинск', 'Свердловская область', 'Уральский'),
(839, 'Красноуральск', 'Свердловская область', 'Уральский'),
(840, 'Красноуфимск', 'Свердловская область', 'Уральский'),
(841, 'Кушва', 'Свердловская область', 'Уральский'),
(842, 'Лесной', 'Свердловская область', 'Уральский'),
(843, 'Михайловск', 'Свердловская область', 'Уральский'),
(844, 'Невьянск', 'Свердловская область', 'Уральский'),
(845, 'Нижние Серги', 'Свердловская область', 'Уральский'),
(846, 'Нижний Тагил', 'Свердловская область', 'Уральский'),
(847, 'Нижняя Салда', 'Свердловская область', 'Уральский'),
(848, 'Нижняя Тура', 'Свердловская область', 'Уральский'),
(849, 'Новая Ляля', 'Свердловская область', 'Уральский'),
(850, 'Новоуральск', 'Свердловская область', 'Уральский'),
(851, 'Первоуральск', 'Свердловская область', 'Уральский'),
(852, 'Полевской', 'Свердловская область', 'Уральский'),
(853, 'Ревда', 'Свердловская область', 'Уральский'),
(854, 'Реж', 'Свердловская область', 'Уральский'),
(855, 'Североуральск', 'Свердловская область', 'Уральский'),
(856, 'Серов', 'Свердловская область', 'Уральский'),
(857, 'Среднеуральск', 'Свердловская область', 'Уральский'),
(858, 'Сухой Лог', 'Свердловская область', 'Уральский'),
(859, 'Сысерть', 'Свердловская область', 'Уральский'),
(860, 'Тавда', 'Свердловская область', 'Уральский'),
(861, 'Талица', 'Свердловская область', 'Уральский'),
(862, 'Туринск', 'Свердловская область', 'Уральский'),
(863, 'Алагир', 'Северная Осетия - Алания', 'Северо-Кавказский'),
(864, 'Ардон', 'Северная Осетия - Алания', 'Северо-Кавказский'),
(865, 'Беслан', 'Северная Осетия - Алания', 'Северо-Кавказский'),
(866, 'Владикавказ', 'Северная Осетия - Алания', 'Северо-Кавказский'),
(867, 'Дигора', 'Северная Осетия - Алания', 'Северо-Кавказский'),
(868, 'Моздок', 'Северная Осетия - Алания', 'Северо-Кавказский'),
(869, 'Велиж', 'Смоленская область', 'Центральный'),
(870, 'Вязьма', 'Смоленская область', 'Центральный'),
(871, 'Гагарин', 'Смоленская область', 'Центральный'),
(872, 'Демидов', 'Смоленская область', 'Центральный'),
(873, 'Десногорск', 'Смоленская область', 'Центральный'),
(874, 'Дорогобуж', 'Смоленская область', 'Центральный'),
(875, 'Духовщина', 'Смоленская область', 'Центральный'),
(876, 'Ельня', 'Смоленская область', 'Центральный'),
(877, 'Починок', 'Смоленская область', 'Центральный'),
(878, 'Рославль', 'Смоленская область', 'Центральный'),
(879, 'Рудня', 'Смоленская область', 'Центральный'),
(880, 'Сафоново', 'Смоленская область', 'Центральный'),
(881, 'Смоленск', 'Смоленская область', 'Центральный'),
(882, 'Сычёвка', 'Смоленская область', 'Центральный'),
(883, 'Ярцево', 'Смоленская область', 'Центральный'),
(884, 'Благодарный', 'Ставропольский край', 'Северо-Кавказский'),
(885, 'Будённовск', 'Ставропольский край', 'Северо-Кавказский'),
(886, 'Георгиевск', 'Ставропольский край', 'Северо-Кавказский'),
(887, 'Ессентуки', 'Ставропольский край', 'Северо-Кавказский'),
(888, 'Железноводск', 'Ставропольский край', 'Северо-Кавказский'),
(889, 'Зеленокумск', 'Ставропольский край', 'Северо-Кавказский'),
(890, 'Изобильный', 'Ставропольский край', 'Северо-Кавказский'),
(891, 'Ипатово', 'Ставропольский край', 'Северо-Кавказский'),
(892, 'Кисловодск', 'Ставропольский край', 'Северо-Кавказский'),
(893, 'Лермонтов', 'Ставропольский край', 'Северо-Кавказский'),
(894, 'Минеральные Воды', 'Ставропольский край', 'Северо-Кавказский'),
(895, 'Михайловск', 'Ставропольский край', 'Северо-Кавказский'),
(896, 'Невинномысск', 'Ставропольский край', 'Северо-Кавказский'),
(897, 'Нефтекумск', 'Ставропольский край', 'Северо-Кавказский'),
(898, 'Новоалександровск', 'Ставропольский край', 'Северо-Кавказский'),
(899, 'Новопавловск', 'Ставропольский край', 'Северо-Кавказский'),
(900, 'Пятигорск', 'Ставропольский край', 'Северо-Кавказский'),
(901, 'Светлоград', 'Ставропольский край', 'Северо-Кавказский'),
(902, 'Ставрополь', 'Ставропольский край', 'Северо-Кавказский'),
(903, 'Жердевка', 'Тамбовская область', 'Центральный'),
(904, 'Кирсанов', 'Тамбовская область', 'Центральный'),
(905, 'Котовск', 'Тамбовская область', 'Центральный'),
(906, 'Мичуринск', 'Тамбовская область', 'Центральный'),
(907, 'Моршанск', 'Тамбовская область', 'Центральный'),
(908, 'Рассказово', 'Тамбовская область', 'Центральный'),
(909, 'Тамбов', 'Тамбовская область', 'Центральный'),
(910, 'Уварово', 'Тамбовская область', 'Центральный'),
(911, 'Агрыз', 'Татарстан', 'Приволжский'),
(912, 'Азнакаево', 'Татарстан', 'Приволжский'),
(913, 'Альметьевск', 'Татарстан', 'Приволжский'),
(914, 'Арск', 'Татарстан', 'Приволжский'),
(915, 'Бавлы', 'Татарстан', 'Приволжский'),
(916, 'Болгар', 'Татарстан', 'Приволжский'),
(917, 'Бугульма', 'Татарстан', 'Приволжский'),
(918, 'Буинск', 'Татарстан', 'Приволжский'),
(919, 'Елабуга', 'Татарстан', 'Приволжский'),
(920, 'Заинск', 'Татарстан', 'Приволжский'),
(921, 'Зеленодольск', 'Татарстан', 'Приволжский'),
(922, 'Казань', 'Татарстан', 'Приволжский'),
(923, 'Лаишево', 'Татарстан', 'Приволжский'),
(924, 'Лениногорск', 'Татарстан', 'Приволжский'),
(925, 'Мамадыш', 'Татарстан', 'Приволжский'),
(926, 'Менделеевск', 'Татарстан', 'Приволжский'),
(927, 'Мензелинск', 'Татарстан', 'Приволжский'),
(928, 'Набережные Челны', 'Татарстан', 'Приволжский'),
(929, 'Нижнекамск', 'Татарстан', 'Приволжский'),
(930, 'Нурлат', 'Татарстан', 'Приволжский');
INSERT INTO `city` (`id`, `name`, `region`, `federal`) VALUES
(931, 'Тетюши', 'Татарстан', 'Приволжский'),
(932, 'Чистополь', 'Татарстан', 'Приволжский'),
(933, 'Андреаполь', 'Тверская область', 'Центральный'),
(934, 'Бежецк', 'Тверская область', 'Центральный'),
(935, 'Белый', 'Тверская область', 'Центральный'),
(936, 'Бологое', 'Тверская область', 'Центральный'),
(937, 'Весьегонск', 'Тверская область', 'Центральный'),
(938, 'Вышний Волочёк', 'Тверская область', 'Центральный'),
(939, 'Западная Двина', 'Тверская область', 'Центральный'),
(940, 'Зубцов', 'Тверская область', 'Центральный'),
(941, 'Калязин', 'Тверская область', 'Центральный'),
(942, 'Кашин', 'Тверская область', 'Центральный'),
(943, 'Кимры', 'Тверская область', 'Центральный'),
(944, 'Конаково', 'Тверская область', 'Центральный'),
(945, 'Красный Холм', 'Тверская область', 'Центральный'),
(946, 'Кувшиново', 'Тверская область', 'Центральный'),
(947, 'Лихославль', 'Тверская область', 'Центральный'),
(948, 'Нелидово', 'Тверская область', 'Центральный'),
(949, 'Осташков', 'Тверская область', 'Центральный'),
(950, 'Ржев', 'Тверская область', 'Центральный'),
(951, 'Старица', 'Тверская область', 'Центральный'),
(952, 'Тверь', 'Тверская область', 'Центральный'),
(953, 'Торжок', 'Тверская область', 'Центральный'),
(954, 'Торопец', 'Тверская область', 'Центральный'),
(955, 'Удомля', 'Тверская область', 'Центральный'),
(956, 'Асино', 'Томская область', 'Сибирский'),
(957, 'Кедровый', 'Томская область', 'Сибирский'),
(958, 'Колпашево', 'Томская область', 'Сибирский'),
(959, 'Северск', 'Томская область', 'Сибирский'),
(960, 'Стрежевой', 'Томская область', 'Сибирский'),
(961, 'Томск', 'Томская область', 'Сибирский'),
(962, 'Алексин', 'Тульская область', 'Центральный'),
(963, 'Белёв', 'Тульская область', 'Центральный'),
(964, 'Богородицк', 'Тульская область', 'Центральный'),
(965, 'Болохово', 'Тульская область', 'Центральный'),
(966, 'Венёв', 'Тульская область', 'Центральный'),
(967, 'Донской', 'Тульская область', 'Центральный'),
(968, 'Ефремов', 'Тульская область', 'Центральный'),
(969, 'Кимовск', 'Тульская область', 'Центральный'),
(970, 'Киреевск', 'Тульская область', 'Центральный'),
(971, 'Липки', 'Тульская область', 'Центральный'),
(972, 'Новомосковск', 'Тульская область', 'Центральный'),
(973, 'Плавск', 'Тульская область', 'Центральный'),
(974, 'Суворов', 'Тульская область', 'Центральный'),
(975, 'Тула', 'Тульская область', 'Центральный'),
(976, 'Узловая', 'Тульская область', 'Центральный'),
(977, 'Чекалин', 'Тульская область', 'Центральный'),
(978, 'Щёкино', 'Тульская область', 'Центральный'),
(979, 'Ясногорск', 'Тульская область', 'Центральный'),
(980, 'Советск', 'Тульская область', 'Центральный'),
(981, 'Ак-Довурак', 'Тыва', 'Сибирский'),
(982, 'Кызыл', 'Тыва', 'Сибирский'),
(983, 'Туран', 'Тыва', 'Сибирский'),
(984, 'Чадан', 'Тыва', 'Сибирский'),
(985, 'Шагонар', 'Тыва', 'Сибирский'),
(986, 'Заводоуковск', 'Тюменская область', 'Уральский'),
(987, 'Ишим', 'Тюменская область', 'Уральский'),
(988, 'Тобольск', 'Тюменская область', 'Уральский'),
(989, 'Тюмень', 'Тюменская область', 'Уральский'),
(990, 'Ялуторовск', 'Тюменская область', 'Уральский'),
(991, 'Воткинск', 'Удмуртия', 'Приволжский'),
(992, 'Глазов', 'Удмуртия', 'Приволжский'),
(993, 'Ижевск', 'Удмуртия', 'Приволжский'),
(994, 'Камбарка', 'Удмуртия', 'Приволжский'),
(995, 'Можга', 'Удмуртия', 'Приволжский'),
(996, 'Сарапул', 'Удмуртия', 'Приволжский'),
(997, 'Барыш', 'Ульяновская область', 'Приволжский'),
(998, 'Димитровград', 'Ульяновская область', 'Приволжский'),
(999, 'Инза', 'Ульяновская область', 'Приволжский'),
(1000, 'Новоульяновск', 'Ульяновская область', 'Приволжский'),
(1001, 'Сенгилей', 'Ульяновская область', 'Приволжский'),
(1002, 'Ульяновск', 'Ульяновская область', 'Приволжский'),
(1003, 'Амурск', 'Хабаровский край', 'Дальневосточный'),
(1004, 'Бикин', 'Хабаровский край', 'Дальневосточный'),
(1005, 'Вяземский', 'Хабаровский край', 'Дальневосточный'),
(1006, 'Комсомольск-на-Амуре', 'Хабаровский край', 'Дальневосточный'),
(1007, 'Николаевск-на-Амуре', 'Хабаровский край', 'Дальневосточный'),
(1008, 'Советская Гавань', 'Хабаровский край', 'Дальневосточный'),
(1009, 'Хабаровск', 'Хабаровский край', 'Дальневосточный'),
(1010, 'Абаза', 'Хакасия', 'Сибирский'),
(1011, 'Абакан', 'Хакасия', 'Сибирский'),
(1012, 'Саяногорск', 'Хакасия', 'Сибирский'),
(1013, 'Сорск', 'Хакасия', 'Сибирский'),
(1014, 'Черногорск', 'Хакасия', 'Сибирский'),
(1015, 'Белоярский', 'Ханты-Мансийский авт. окр.', 'Уральский'),
(1016, 'Когалым', 'Ханты-Мансийский авт. окр.', 'Уральский'),
(1017, 'Лангепас', 'Ханты-Мансийский авт. окр.', 'Уральский'),
(1018, 'Лянтор', 'Ханты-Мансийский авт. окр.', 'Уральский'),
(1019, 'Мегион', 'Ханты-Мансийский авт. окр.', 'Уральский'),
(1020, 'Нефтеюганск', 'Ханты-Мансийский авт. окр.', 'Уральский'),
(1021, 'Нижневартовск', 'Ханты-Мансийский авт. окр.', 'Уральский'),
(1022, 'Нягань', 'Ханты-Мансийский авт. окр.', 'Уральский'),
(1023, 'Покачи', 'Ханты-Мансийский авт. окр.', 'Уральский'),
(1024, 'Пыть-Ях', 'Ханты-Мансийский авт. окр.', 'Уральский'),
(1025, 'Радужный', 'Ханты-Мансийский авт. окр.', 'Уральский'),
(1026, 'Советский', 'Ханты-Мансийский авт. окр.', 'Уральский'),
(1027, 'Сургут', 'Ханты-Мансийский авт. окр.', 'Уральский'),
(1028, 'Урай', 'Ханты-Мансийский авт. окр.', 'Уральский'),
(1029, 'Ханты-Мансийск', 'Ханты-Мансийский авт. окр.', 'Уральский'),
(1030, 'Югорск', 'Ханты-Мансийский авт. окр.', 'Уральский'),
(1031, 'Аша', 'Челябинская область', 'Уральский'),
(1032, 'Бакал', 'Челябинская область', 'Уральский'),
(1033, 'Верхнеуральск', 'Челябинская область', 'Уральский'),
(1034, 'Верхний Уфалей', 'Челябинская область', 'Уральский'),
(1035, 'Еманжелинск', 'Челябинская область', 'Уральский'),
(1036, 'Златоуст', 'Челябинская область', 'Уральский'),
(1037, 'Карабаш', 'Челябинская область', 'Уральский'),
(1038, 'Карталы', 'Челябинская область', 'Уральский'),
(1039, 'Касли', 'Челябинская область', 'Уральский'),
(1040, 'Катав-Ивановск', 'Челябинская область', 'Уральский'),
(1041, 'Копейск', 'Челябинская область', 'Уральский'),
(1042, 'Коркино', 'Челябинская область', 'Уральский'),
(1043, 'Куса', 'Челябинская область', 'Уральский'),
(1044, 'Кыштым', 'Челябинская область', 'Уральский'),
(1045, 'Магнитогорск', 'Челябинская область', 'Уральский'),
(1046, 'Миасс', 'Челябинская область', 'Уральский'),
(1047, 'Миньяр', 'Челябинская область', 'Уральский'),
(1048, 'Нязепетровск', 'Челябинская область', 'Уральский'),
(1049, 'Озёрск', 'Челябинская область', 'Уральский'),
(1050, 'Пласт', 'Челябинская область', 'Уральский'),
(1051, 'Сатка', 'Челябинская область', 'Уральский'),
(1052, 'Сим', 'Челябинская область', 'Уральский'),
(1053, 'Снежинск', 'Челябинская область', 'Уральский'),
(1054, 'Трёхгорный', 'Челябинская область', 'Уральский'),
(1055, 'Троицк', 'Челябинская область', 'Уральский'),
(1056, 'Усть-Катав', 'Челябинская область', 'Уральский'),
(1057, 'Чебаркуль', 'Челябинская область', 'Уральский'),
(1058, 'Челябинск', 'Челябинская область', 'Уральский'),
(1059, 'Южноуральск', 'Челябинская область', 'Уральский'),
(1060, 'Юрюзань', 'Челябинская область', 'Уральский'),
(1061, 'Аргун', 'Чечня', 'Северо-Кавказский'),
(1062, 'Грозный', 'Чечня', 'Северо-Кавказский'),
(1063, 'Гудермес', 'Чечня', 'Северо-Кавказский'),
(1064, 'Урус-Мартан', 'Чечня', 'Северо-Кавказский'),
(1065, 'Шали', 'Чечня', 'Северо-Кавказский'),
(1066, 'Алатырь', 'Чувашия', 'Приволжский'),
(1067, 'Канаш', 'Чувашия', 'Приволжский'),
(1068, 'Козловка', 'Чувашия', 'Приволжский'),
(1069, 'Мариинский Посад', 'Чувашия', 'Приволжский'),
(1070, 'Новочебоксарск', 'Чувашия', 'Приволжский'),
(1071, 'Цивильск', 'Чувашия', 'Приволжский'),
(1072, 'Чебоксары', 'Чувашия', 'Приволжский'),
(1073, 'Шумерля', 'Чувашия', 'Приволжский'),
(1074, 'Ядрин', 'Чувашия', 'Приволжский'),
(1075, 'Анадырь', 'Чукотский авт. окр.', 'Дальневосточный'),
(1076, 'Билибино', 'Чукотский авт. окр.', 'Дальневосточный'),
(1077, 'Певек', 'Чукотский авт. окр.', 'Дальневосточный'),
(1078, 'Алдан', 'Якутия', 'Дальневосточный'),
(1079, 'Верхоянск', 'Якутия', 'Дальневосточный'),
(1080, 'Вилюйск', 'Якутия', 'Дальневосточный'),
(1081, 'Ленск', 'Якутия', 'Дальневосточный'),
(1082, 'Мирный', 'Якутия', 'Дальневосточный'),
(1083, 'Нерюнгри', 'Якутия', 'Дальневосточный'),
(1084, 'Нюрба', 'Якутия', 'Дальневосточный'),
(1085, 'Олёкминск', 'Якутия', 'Дальневосточный'),
(1086, 'Покровск', 'Якутия', 'Дальневосточный'),
(1087, 'Среднеколымск', 'Якутия', 'Дальневосточный'),
(1088, 'Томмот', 'Якутия', 'Дальневосточный'),
(1089, 'Удачный', 'Якутия', 'Дальневосточный'),
(1090, 'Якутск', 'Якутия', 'Дальневосточный'),
(1091, 'Губкинский', 'Ямало-Ненецкий авт. окр.', 'Уральский'),
(1092, 'Лабытнанги', 'Ямало-Ненецкий авт. окр.', 'Уральский'),
(1093, 'Муравленко', 'Ямало-Ненецкий авт. окр.', 'Уральский'),
(1094, 'Надым', 'Ямало-Ненецкий авт. окр.', 'Уральский'),
(1095, 'Новый Уренгой', 'Ямало-Ненецкий авт. окр.', 'Уральский'),
(1096, 'Ноябрьск', 'Ямало-Ненецкий авт. окр.', 'Уральский'),
(1097, 'Салехард', 'Ямало-Ненецкий авт. окр.', 'Уральский'),
(1098, 'Тарко-Сале', 'Ямало-Ненецкий авт. окр.', 'Уральский'),
(1099, 'Гаврилов-Ям', 'Ярославская область', 'Центральный'),
(1100, 'Данилов', 'Ярославская область', 'Центральный'),
(1101, 'Любим', 'Ярославская область', 'Центральный'),
(1102, 'Мышкин', 'Ярославская область', 'Центральный'),
(1103, 'Переславль-Залесский', 'Ярославская область', 'Центральный'),
(1104, 'Пошехонье', 'Ярославская область', 'Центральный'),
(1105, 'Ростов', 'Ярославская область', 'Центральный'),
(1106, 'Рыбинск', 'Ярославская область', 'Центральный'),
(1107, 'Тутаев', 'Ярославская область', 'Центральный'),
(1108, 'Углич', 'Ярославская область', 'Центральный'),
(1109, 'Ярославль', 'Ярославская область', 'Центральный'),
(2226, 'Адыгейск', 'Адыгея', 'Южный'),
(2227, 'Майкоп', 'Адыгея', 'Южный'),
(2228, 'Горно-Алтайск', 'Алтай', 'Сибирский'),
(2229, 'Алейск', 'Алтайский край', 'Сибирский'),
(2230, 'Барнаул', 'Алтайский край', 'Сибирский'),
(2231, 'Белокуриха', 'Алтайский край', 'Сибирский'),
(2232, 'Бийск', 'Алтайский край', 'Сибирский'),
(2233, 'Горняк', 'Алтайский край', 'Сибирский'),
(2234, 'Заринск', 'Алтайский край', 'Сибирский'),
(2235, 'Змеиногорск', 'Алтайский край', 'Сибирский'),
(2236, 'Камень-на-Оби', 'Алтайский край', 'Сибирский'),
(2237, 'Новоалтайск', 'Алтайский край', 'Сибирский'),
(2238, 'Рубцовск', 'Алтайский край', 'Сибирский'),
(2239, 'Славгород', 'Алтайский край', 'Сибирский'),
(2240, 'Яровое', 'Алтайский край', 'Сибирский'),
(2241, 'Белогорск', 'Амурская область', 'Дальневосточный'),
(2242, 'Благовещенск', 'Амурская область', 'Дальневосточный'),
(2243, 'Завитинск', 'Амурская область', 'Дальневосточный'),
(2244, 'Зея', 'Амурская область', 'Дальневосточный'),
(2245, 'Райчихинск', 'Амурская область', 'Дальневосточный'),
(2246, 'Свободный', 'Амурская область', 'Дальневосточный'),
(2247, 'Сковородино', 'Амурская область', 'Дальневосточный'),
(2248, 'Тында', 'Амурская область', 'Дальневосточный'),
(2249, 'Шимановск', 'Амурская область', 'Дальневосточный'),
(2250, 'Архангельск', 'Архангельская область', 'Северо-Западный'),
(2251, 'Вельск', 'Архангельская область', 'Северо-Западный'),
(2252, 'Каргополь', 'Архангельская область', 'Северо-Западный'),
(2253, 'Коряжма', 'Архангельская область', 'Северо-Западный'),
(2254, 'Котлас', 'Архангельская область', 'Северо-Западный'),
(2255, 'Мезень', 'Архангельская область', 'Северо-Западный'),
(2256, 'Мирный', 'Архангельская область', 'Северо-Западный'),
(2257, 'Новодвинск', 'Архангельская область', 'Северо-Западный'),
(2258, 'Няндома', 'Архангельская область', 'Северо-Западный'),
(2259, 'Онега', 'Архангельская область', 'Северо-Западный'),
(2260, 'Северодвинск', 'Архангельская область', 'Северо-Западный'),
(2261, 'Сольвычегодск', 'Архангельская область', 'Северо-Западный'),
(2262, 'Шенкурск', 'Архангельская область', 'Северо-Западный'),
(2263, 'Астрахань', 'Астраханская область', 'Южный'),
(2264, 'Ахтубинск', 'Астраханская область', 'Южный'),
(2265, 'Знаменск', 'Астраханская область', 'Южный'),
(2266, 'Камызяк', 'Астраханская область', 'Южный'),
(2267, 'Нариманов', 'Астраханская область', 'Южный'),
(2268, 'Харабали', 'Астраханская область', 'Южный'),
(2269, 'Агидель', 'Башкортостан', 'Приволжский'),
(2270, 'Баймак', 'Башкортостан', 'Приволжский'),
(2271, 'Белебей', 'Башкортостан', 'Приволжский'),
(2272, 'Белорецк', 'Башкортостан', 'Приволжский'),
(2273, 'Бирск', 'Башкортостан', 'Приволжский'),
(2274, 'Благовещенск', 'Башкортостан', 'Приволжский'),
(2275, 'Давлеканово', 'Башкортостан', 'Приволжский'),
(2276, 'Дюртюли', 'Башкортостан', 'Приволжский'),
(2277, 'Ишимбай', 'Башкортостан', 'Приволжский'),
(2278, 'Кумертау', 'Башкортостан', 'Приволжский'),
(2279, 'Межгорье', 'Башкортостан', 'Приволжский'),
(2280, 'Мелеуз', 'Башкортостан', 'Приволжский'),
(2281, 'Нефтекамск', 'Башкортостан', 'Приволжский'),
(2282, 'Октябрьский', 'Башкортостан', 'Приволжский'),
(2283, 'Салават', 'Башкортостан', 'Приволжский'),
(2284, 'Сибай', 'Башкортостан', 'Приволжский'),
(2285, 'Стерлитамак', 'Башкортостан', 'Приволжский'),
(2286, 'Туймазы', 'Башкортостан', 'Приволжский'),
(2287, 'Уфа', 'Башкортостан', 'Приволжский'),
(2288, 'Учалы', 'Башкортостан', 'Приволжский'),
(2289, 'Янаул', 'Башкортостан', 'Приволжский'),
(2290, 'Алексеевка', 'Белгородская область', 'Центральный'),
(2291, 'Белгород', 'Белгородская область', 'Центральный'),
(2292, 'Бирюч', 'Белгородская область', 'Центральный'),
(2293, 'Валуйки', 'Белгородская область', 'Центральный'),
(2294, 'Грайворон', 'Белгородская область', 'Центральный'),
(2295, 'Губкин', 'Белгородская область', 'Центральный'),
(2296, 'Короча', 'Белгородская область', 'Центральный'),
(2297, 'Новый Оскол', 'Белгородская область', 'Центральный'),
(2298, 'Старый Оскол', 'Белгородская область', 'Центральный'),
(2299, 'Строитель', 'Белгородская область', 'Центральный'),
(2300, 'Шебекино', 'Белгородская область', 'Центральный'),
(2301, 'Брянск', 'Брянская область', 'Центральный'),
(2302, 'Дятьково', 'Брянская область', 'Центральный'),
(2303, 'Жуковка', 'Брянская область', 'Центральный'),
(2304, 'Злынка', 'Брянская область', 'Центральный'),
(2305, 'Карачев', 'Брянская область', 'Центральный'),
(2306, 'Клинцы', 'Брянская область', 'Центральный'),
(2307, 'Мглин', 'Брянская область', 'Центральный'),
(2308, 'Новозыбков', 'Брянская область', 'Центральный'),
(2309, 'Почеп', 'Брянская область', 'Центральный'),
(2310, 'Севск', 'Брянская область', 'Центральный'),
(2311, 'Сельцо', 'Брянская область', 'Центральный'),
(2312, 'Стародуб', 'Брянская область', 'Центральный'),
(2313, 'Сураж', 'Брянская область', 'Центральный'),
(2314, 'Трубчевск', 'Брянская область', 'Центральный'),
(2315, 'Унеча', 'Брянская область', 'Центральный'),
(2316, 'Фокино', 'Брянская область', 'Центральный'),
(2317, 'Бабушкин', 'Бурятия', 'Сибирский'),
(2318, 'Гусиноозёрск', 'Бурятия', 'Сибирский'),
(2319, 'Закаменск', 'Бурятия', 'Сибирский'),
(2320, 'Кяхта', 'Бурятия', 'Сибирский'),
(2321, 'Северобайкальск', 'Бурятия', 'Сибирский'),
(2322, 'Улан-Удэ', 'Бурятия', 'Сибирский'),
(2323, 'Александров', 'Владимирская область', 'Центральный'),
(2324, 'Владимир', 'Владимирская область', 'Центральный'),
(2325, 'Вязники', 'Владимирская область', 'Центральный'),
(2326, 'Гороховец', 'Владимирская область', 'Центральный'),
(2327, 'Гусь-Хрустальный', 'Владимирская область', 'Центральный'),
(2328, 'Камешково', 'Владимирская область', 'Центральный'),
(2329, 'Карабаново', 'Владимирская область', 'Центральный'),
(2330, 'Киржач', 'Владимирская область', 'Центральный'),
(2331, 'Ковров', 'Владимирская область', 'Центральный'),
(2332, 'Кольчугино', 'Владимирская область', 'Центральный'),
(2333, 'Костерёво', 'Владимирская область', 'Центральный'),
(2334, 'Курлово', 'Владимирская область', 'Центральный'),
(2335, 'Лакинск', 'Владимирская область', 'Центральный'),
(2336, 'Меленки', 'Владимирская область', 'Центральный'),
(2337, 'Муром', 'Владимирская область', 'Центральный'),
(2338, 'Петушки', 'Владимирская область', 'Центральный'),
(2339, 'Покров', 'Владимирская область', 'Центральный'),
(2340, 'Радужный', 'Владимирская область', 'Центральный'),
(2341, 'Собинка', 'Владимирская область', 'Центральный'),
(2342, 'Струнино', 'Владимирская область', 'Центральный'),
(2343, 'Судогда', 'Владимирская область', 'Центральный'),
(2344, 'Суздаль', 'Владимирская область', 'Центральный'),
(2345, 'Юрьев-Польский', 'Владимирская область', 'Центральный'),
(2346, 'Волгоград', 'Волгоградская область', 'Южный'),
(2347, 'Волжский', 'Волгоградская область', 'Южный'),
(2348, 'Дубовка', 'Волгоградская область', 'Южный'),
(2349, 'Жирновск', 'Волгоградская область', 'Южный'),
(2350, 'Калач-на-Дону', 'Волгоградская область', 'Южный'),
(2351, 'Камышин', 'Волгоградская область', 'Южный'),
(2352, 'Котельниково', 'Волгоградская область', 'Южный'),
(2353, 'Котово', 'Волгоградская область', 'Южный'),
(2354, 'Краснослободск', 'Волгоградская область', 'Южный'),
(2355, 'Ленинск', 'Волгоградская область', 'Южный'),
(2356, 'Михайловка', 'Волгоградская область', 'Южный'),
(2357, 'Николаевск', 'Волгоградская область', 'Южный'),
(2358, 'Новоаннинский', 'Волгоградская область', 'Южный'),
(2359, 'Палласовка', 'Волгоградская область', 'Южный'),
(2360, 'Петров Вал', 'Волгоградская область', 'Южный'),
(2361, 'Серафимович', 'Волгоградская область', 'Южный'),
(2362, 'Суровикино', 'Волгоградская область', 'Южный'),
(2363, 'Урюпинск', 'Волгоградская область', 'Южный'),
(2364, 'Фролово', 'Волгоградская область', 'Южный'),
(2365, 'Бабаево', 'Вологодская область', 'Северо-Западный'),
(2366, 'Белозерск', 'Вологодская область', 'Северо-Западный'),
(2367, 'Великий Устюг', 'Вологодская область', 'Северо-Западный'),
(2368, 'Вологда', 'Вологодская область', 'Северо-Западный'),
(2369, 'Вытегра', 'Вологодская область', 'Северо-Западный'),
(2370, 'Грязовец', 'Вологодская область', 'Северо-Западный'),
(2371, 'Кадников', 'Вологодская область', 'Северо-Западный'),
(2372, 'Кириллов', 'Вологодская область', 'Северо-Западный'),
(2373, 'Красавино', 'Вологодская область', 'Северо-Западный'),
(2374, 'Никольск', 'Вологодская область', 'Северо-Западный'),
(2375, 'Сокол', 'Вологодская область', 'Северо-Западный'),
(2376, 'Тотьма', 'Вологодская область', 'Северо-Западный'),
(2377, 'Устюжна', 'Вологодская область', 'Северо-Западный'),
(2378, 'Харовск', 'Вологодская область', 'Северо-Западный'),
(2379, 'Череповец', 'Вологодская область', 'Северо-Западный'),
(2380, 'Бобров', 'Воронежская область', 'Центральный'),
(2381, 'Богучар', 'Воронежская область', 'Центральный'),
(2382, 'Борисоглебск', 'Воронежская область', 'Центральный'),
(2383, 'Бутурлиновка', 'Воронежская область', 'Центральный'),
(2384, 'Воронеж', 'Воронежская область', 'Центральный'),
(2385, 'Калач', 'Воронежская область', 'Центральный'),
(2386, 'Лиски', 'Воронежская область', 'Центральный'),
(2387, 'Нововоронеж', 'Воронежская область', 'Центральный'),
(2388, 'Новохопёрск', 'Воронежская область', 'Центральный'),
(2389, 'Острогожск', 'Воронежская область', 'Центральный'),
(2390, 'Павловск', 'Воронежская область', 'Центральный'),
(2391, 'Поворино', 'Воронежская область', 'Центральный'),
(2392, 'Россошь', 'Воронежская область', 'Центральный'),
(2393, 'Семилуки', 'Воронежская область', 'Центральный'),
(2394, 'Эртиль', 'Воронежская область', 'Центральный'),
(2395, 'Буйнакск', 'Дагестан', 'Северо-Кавказский'),
(2396, 'Дагестанские Огни', 'Дагестан', 'Северо-Кавказский'),
(2397, 'Дербент', 'Дагестан', 'Северо-Кавказский'),
(2398, 'Избербаш', 'Дагестан', 'Северо-Кавказский'),
(2399, 'Каспийск', 'Дагестан', 'Северо-Кавказский'),
(2400, 'Кизилюрт', 'Дагестан', 'Северо-Кавказский'),
(2401, 'Кизляр', 'Дагестан', 'Северо-Кавказский'),
(2402, 'Махачкала', 'Дагестан', 'Северо-Кавказский'),
(2403, 'Хасавюрт', 'Дагестан', 'Северо-Кавказский'),
(2404, 'Южно-Сухокумск', 'Дагестан', 'Северо-Кавказский'),
(2405, 'Биробиджан', 'Еврейская АО', 'Дальневосточный'),
(2406, 'Облучье', 'Еврейская АО', 'Дальневосточный'),
(2407, 'Балей', 'Забайкальский край', 'Сибирский'),
(2408, 'Борзя', 'Забайкальский край', 'Сибирский'),
(2409, 'Краснокаменск', 'Забайкальский край', 'Сибирский'),
(2410, 'Могоча', 'Забайкальский край', 'Сибирский'),
(2411, 'Нерчинск', 'Забайкальский край', 'Сибирский'),
(2412, 'Петровск-Забайкальский', 'Забайкальский край', 'Сибирский'),
(2413, 'Сретенск', 'Забайкальский край', 'Сибирский'),
(2414, 'Хилок', 'Забайкальский край', 'Сибирский'),
(2415, 'Чита', 'Забайкальский край', 'Сибирский'),
(2416, 'Шилка', 'Забайкальский край', 'Сибирский'),
(2417, 'Вичуга', 'Ивановская область', 'Центральный'),
(2418, 'Гаврилов Посад', 'Ивановская область', 'Центральный'),
(2419, 'Заволжск', 'Ивановская область', 'Центральный'),
(2420, 'Иваново', 'Ивановская область', 'Центральный'),
(2421, 'Кинешма', 'Ивановская область', 'Центральный'),
(2422, 'Комсомольск', 'Ивановская область', 'Центральный'),
(2423, 'Кохма', 'Ивановская область', 'Центральный'),
(2424, 'Наволоки', 'Ивановская область', 'Центральный'),
(2425, 'Плёс', 'Ивановская область', 'Центральный'),
(2426, 'Приволжск', 'Ивановская область', 'Центральный'),
(2427, 'Пучеж', 'Ивановская область', 'Центральный'),
(2428, 'Родники', 'Ивановская область', 'Центральный'),
(2429, 'Тейково', 'Ивановская область', 'Центральный'),
(2430, 'Фурманов', 'Ивановская область', 'Центральный'),
(2431, 'Шуя', 'Ивановская область', 'Центральный'),
(2432, 'Южа', 'Ивановская область', 'Центральный'),
(2433, 'Юрьевец', 'Ивановская область', 'Центральный'),
(2434, 'Карабулак', 'Ингушетия', 'Северо-Кавказский'),
(2435, 'Магас', 'Ингушетия', 'Северо-Кавказский'),
(2436, 'Малгобек', 'Ингушетия', 'Северо-Кавказский'),
(2437, 'Назрань', 'Ингушетия', 'Северо-Кавказский'),
(2438, 'Алзамай', 'Иркутская область', 'Сибирский'),
(2439, 'Ангарск', 'Иркутская область', 'Сибирский'),
(2440, 'Байкальск', 'Иркутская область', 'Сибирский'),
(2441, 'Бирюсинск', 'Иркутская область', 'Сибирский'),
(2442, 'Бодайбо', 'Иркутская область', 'Сибирский'),
(2443, 'Братск', 'Иркутская область', 'Сибирский'),
(2444, 'Вихоревка', 'Иркутская область', 'Сибирский'),
(2445, 'Железногорск-Илимский', 'Иркутская область', 'Сибирский'),
(2446, 'Зима', 'Иркутская область', 'Сибирский'),
(2447, 'Иркутск', 'Иркутская область', 'Сибирский'),
(2448, 'Киренск', 'Иркутская область', 'Сибирский'),
(2449, 'Нижнеудинск', 'Иркутская область', 'Сибирский'),
(2450, 'Саянск', 'Иркутская область', 'Сибирский'),
(2451, 'Свирск', 'Иркутская область', 'Сибирский'),
(2452, 'Слюдянка', 'Иркутская область', 'Сибирский'),
(2453, 'Тайшет', 'Иркутская область', 'Сибирский'),
(2454, 'Тулун', 'Иркутская область', 'Сибирский'),
(2455, 'Усолье-Сибирское', 'Иркутская область', 'Сибирский'),
(2456, 'Усть-Илимск', 'Иркутская область', 'Сибирский'),
(2457, 'Усть-Кут', 'Иркутская область', 'Сибирский'),
(2458, 'Черемхово', 'Иркутская область', 'Сибирский'),
(2459, 'Шелехов', 'Иркутская область', 'Сибирский'),
(2460, 'Баксан', 'Кабардино-Балкария', 'Северо-Кавказский'),
(2461, 'Майский', 'Кабардино-Балкария', 'Северо-Кавказский'),
(2462, 'Нальчик', 'Кабардино-Балкария', 'Северо-Кавказский'),
(2463, 'Нарткала', 'Кабардино-Балкария', 'Северо-Кавказский'),
(2464, 'Прохладный', 'Кабардино-Балкария', 'Северо-Кавказский'),
(2465, 'Терек', 'Кабардино-Балкария', 'Северо-Кавказский'),
(2466, 'Тырныауз', 'Кабардино-Балкария', 'Северо-Кавказский'),
(2467, 'Чегем', 'Кабардино-Балкария', 'Северо-Кавказский'),
(2468, 'Багратионовск', 'Калининградская область', 'Северо-Западный'),
(2469, 'Балтийск', 'Калининградская область', 'Северо-Западный'),
(2470, 'Гвардейск', 'Калининградская область', 'Северо-Западный'),
(2471, 'Гурьевск', 'Калининградская область', 'Северо-Западный'),
(2472, 'Гусев', 'Калининградская область', 'Северо-Западный'),
(2473, 'Зеленоградск', 'Калининградская область', 'Северо-Западный'),
(2474, 'Калининград', 'Калининградская область', 'Северо-Западный'),
(2475, 'Краснознаменск', 'Калининградская область', 'Северо-Западный'),
(2476, 'Ладушкин', 'Калининградская область', 'Северо-Западный'),
(2477, 'Мамоново', 'Калининградская область', 'Северо-Западный'),
(2478, 'Неман', 'Калининградская область', 'Северо-Западный'),
(2479, 'Нестеров', 'Калининградская область', 'Северо-Западный'),
(2480, 'Озёрск', 'Калининградская область', 'Северо-Западный'),
(2481, 'Пионерский', 'Калининградская область', 'Северо-Западный'),
(2482, 'Полесск', 'Калининградская область', 'Северо-Западный'),
(2483, 'Правдинск', 'Калининградская область', 'Северо-Западный'),
(2484, 'Светлогорск', 'Калининградская область', 'Северо-Западный'),
(2485, 'Светлый', 'Калининградская область', 'Северо-Западный'),
(2486, 'Славск', 'Калининградская область', 'Северо-Западный'),
(2487, 'Советск', 'Калининградская область', 'Северо-Западный'),
(2488, 'Черняховск', 'Калининградская область', 'Северо-Западный'),
(2489, 'Приморск', 'Калининградская область', 'Северо-Западный'),
(2490, 'Городовиковск', 'Калмыкия', 'Южный'),
(2491, 'Лагань', 'Калмыкия', 'Южный'),
(2492, 'Элиста', 'Калмыкия', 'Южный'),
(2493, 'Балабаново', 'Калужская область', 'Центральный'),
(2494, 'Белоусово', 'Калужская область', 'Центральный'),
(2495, 'Боровск', 'Калужская область', 'Центральный'),
(2496, 'Ермолино', 'Калужская область', 'Центральный'),
(2497, 'Жиздра', 'Калужская область', 'Центральный'),
(2498, 'Жуков', 'Калужская область', 'Центральный'),
(2499, 'Калуга', 'Калужская область', 'Центральный'),
(2500, 'Киров', 'Калужская область', 'Центральный'),
(2501, 'Козельск', 'Калужская область', 'Центральный'),
(2502, 'Кондрово', 'Калужская область', 'Центральный'),
(2503, 'Кремёнки', 'Калужская область', 'Центральный'),
(2504, 'Людиново', 'Калужская область', 'Центральный'),
(2505, 'Малоярославец', 'Калужская область', 'Центральный'),
(2506, 'Медынь', 'Калужская область', 'Центральный'),
(2507, 'Мещовск', 'Калужская область', 'Центральный'),
(2508, 'Мосальск', 'Калужская область', 'Центральный'),
(2509, 'Обнинск', 'Калужская область', 'Центральный'),
(2510, 'Сосенский', 'Калужская область', 'Центральный'),
(2511, 'Спас-Деменск', 'Калужская область', 'Центральный'),
(2512, 'Сухиничи', 'Калужская область', 'Центральный'),
(2513, 'Таруса', 'Калужская область', 'Центральный'),
(2514, 'Юхнов', 'Калужская область', 'Центральный'),
(2515, 'Вилючинск', 'Камчатский край', 'Дальневосточный'),
(2516, 'Елизово', 'Камчатский край', 'Дальневосточный'),
(2517, 'Петропавловск-Камчатский', 'Камчатский край', 'Дальневосточный'),
(2518, 'Карачаевск', 'Карачаево-Черкесия', 'Северо-Кавказский'),
(2519, 'Теберда', 'Карачаево-Черкесия', 'Северо-Кавказский'),
(2520, 'Усть-Джегута', 'Карачаево-Черкесия', 'Северо-Кавказский'),
(2521, 'Черкесск', 'Карачаево-Черкесия', 'Северо-Кавказский'),
(2522, 'Беломорск', 'Карелия', 'Северо-Западный'),
(2523, 'Кемь', 'Карелия', 'Северо-Западный'),
(2524, 'Кондопога', 'Карелия', 'Северо-Западный'),
(2525, 'Костомукша', 'Карелия', 'Северо-Западный'),
(2526, 'Лахденпохья', 'Карелия', 'Северо-Западный'),
(2527, 'Медвежьегорск', 'Карелия', 'Северо-Западный'),
(2528, 'Олонец', 'Карелия', 'Северо-Западный'),
(2529, 'Петрозаводск', 'Карелия', 'Северо-Западный'),
(2530, 'Питкяранта', 'Карелия', 'Северо-Западный'),
(2531, 'Пудож', 'Карелия', 'Северо-Западный'),
(2532, 'Сегежа', 'Карелия', 'Северо-Западный'),
(2533, 'Сортавала', 'Карелия', 'Северо-Западный'),
(2534, 'Суоярви', 'Карелия', 'Северо-Западный'),
(2535, 'Анжеро-Судженск', 'Кемеровская область', 'Сибирский'),
(2536, 'Белово', 'Кемеровская область', 'Сибирский'),
(2537, 'Берёзовский', 'Кемеровская область', 'Сибирский'),
(2538, 'Гурьевск', 'Кемеровская область', 'Сибирский'),
(2539, 'Калтан', 'Кемеровская область', 'Сибирский'),
(2540, 'Кемерово', 'Кемеровская область', 'Сибирский'),
(2541, 'Киселёвск', 'Кемеровская область', 'Сибирский'),
(2542, 'Ленинск-Кузнецкий', 'Кемеровская область', 'Сибирский'),
(2543, 'Мариинск', 'Кемеровская область', 'Сибирский'),
(2544, 'Междуреченск', 'Кемеровская область', 'Сибирский'),
(2545, 'Мыски', 'Кемеровская область', 'Сибирский'),
(2546, 'Новокузнецк', 'Кемеровская область', 'Сибирский'),
(2547, 'Осинники', 'Кемеровская область', 'Сибирский'),
(2548, 'Полысаево', 'Кемеровская область', 'Сибирский'),
(2549, 'Прокопьевск', 'Кемеровская область', 'Сибирский'),
(2550, 'Салаир', 'Кемеровская область', 'Сибирский'),
(2551, 'Тайга', 'Кемеровская область', 'Сибирский'),
(2552, 'Таштагол', 'Кемеровская область', 'Сибирский'),
(2553, 'Топки', 'Кемеровская область', 'Сибирский'),
(2554, 'Юрга', 'Кемеровская область', 'Сибирский'),
(2555, 'Белая Холуница', 'Кировская область', 'Приволжский'),
(2556, 'Вятские Поляны', 'Кировская область', 'Приволжский'),
(2557, 'Зуевка', 'Кировская область', 'Приволжский'),
(2558, 'Киров', 'Кировская область', 'Приволжский'),
(2559, 'Кирово-Чепецк', 'Кировская область', 'Приволжский'),
(2560, 'Кирс', 'Кировская область', 'Приволжский'),
(2561, 'Котельнич', 'Кировская область', 'Приволжский'),
(2562, 'Луза', 'Кировская область', 'Приволжский'),
(2563, 'Малмыж', 'Кировская область', 'Приволжский'),
(2564, 'Мураши', 'Кировская область', 'Приволжский'),
(2565, 'Нолинск', 'Кировская область', 'Приволжский'),
(2566, 'Омутнинск', 'Кировская область', 'Приволжский'),
(2567, 'Орлов', 'Кировская область', 'Приволжский'),
(2568, 'Слободской', 'Кировская область', 'Приволжский'),
(2569, 'Советск', 'Кировская область', 'Приволжский'),
(2570, 'Сосновка', 'Кировская область', 'Приволжский'),
(2571, 'Уржум', 'Кировская область', 'Приволжский'),
(2572, 'Яранск', 'Кировская область', 'Приволжский'),
(2573, 'Воркута', 'Коми', 'Северо-Западный'),
(2574, 'Вуктыл', 'Коми', 'Северо-Западный'),
(2575, 'Емва', 'Коми', 'Северо-Западный'),
(2576, 'Инта', 'Коми', 'Северо-Западный'),
(2577, 'Микунь', 'Коми', 'Северо-Западный'),
(2578, 'Печора', 'Коми', 'Северо-Западный'),
(2579, 'Сосногорск', 'Коми', 'Северо-Западный'),
(2580, 'Сыктывкар', 'Коми', 'Северо-Западный'),
(2581, 'Усинск', 'Коми', 'Северо-Западный'),
(2582, 'Ухта', 'Коми', 'Северо-Западный'),
(2583, 'Буй', 'Костромская область', 'Центральный'),
(2584, 'Волгореченск', 'Костромская область', 'Центральный'),
(2585, 'Галич', 'Костромская область', 'Центральный'),
(2586, 'Кологрив', 'Костромская область', 'Центральный'),
(2587, 'Кострома', 'Костромская область', 'Центральный'),
(2588, 'Макарьев', 'Костромская область', 'Центральный'),
(2589, 'Мантурово', 'Костромская область', 'Центральный'),
(2590, 'Нерехта', 'Костромская область', 'Центральный'),
(2591, 'Нея', 'Костромская область', 'Центральный'),
(2592, 'Солигалич', 'Костромская область', 'Центральный'),
(2593, 'Чухлома', 'Костромская область', 'Центральный'),
(2594, 'Шарья', 'Костромская область', 'Центральный'),
(2595, 'Абинск', 'Краснодарский край', 'Южный'),
(2596, 'Анапа', 'Краснодарский край', 'Южный'),
(2597, 'Апшеронск', 'Краснодарский край', 'Южный'),
(2598, 'Армавир', 'Краснодарский край', 'Южный'),
(2599, 'Белореченск', 'Краснодарский край', 'Южный'),
(2600, 'Геленджик', 'Краснодарский край', 'Южный'),
(2601, 'Горячий Ключ', 'Краснодарский край', 'Южный'),
(2602, 'Гулькевичи', 'Краснодарский край', 'Южный'),
(2603, 'Ейск', 'Краснодарский край', 'Южный'),
(2604, 'Кореновск', 'Краснодарский край', 'Южный'),
(2605, 'Краснодар', 'Краснодарский край', 'Южный'),
(2606, 'Кропоткин', 'Краснодарский край', 'Южный'),
(2607, 'Крымск', 'Краснодарский край', 'Южный'),
(2608, 'Курганинск', 'Краснодарский край', 'Южный'),
(2609, 'Лабинск', 'Краснодарский край', 'Южный'),
(2610, 'Новокубанск', 'Краснодарский край', 'Южный'),
(2611, 'Новороссийск', 'Краснодарский край', 'Южный'),
(2612, 'Приморско-Ахтарск', 'Краснодарский край', 'Южный'),
(2613, 'Славянск-на-Кубани', 'Краснодарский край', 'Южный'),
(2614, 'Сочи', 'Краснодарский край', 'Южный'),
(2615, 'Темрюк', 'Краснодарский край', 'Южный'),
(2616, 'Тимашёвск', 'Краснодарский край', 'Южный'),
(2617, 'Тихорецк', 'Краснодарский край', 'Южный'),
(2618, 'Туапсе', 'Краснодарский край', 'Южный'),
(2619, 'Усть-Лабинск', 'Краснодарский край', 'Южный'),
(2620, 'Хадыженск', 'Краснодарский край', 'Южный'),
(2621, 'Артёмовск', 'Красноярский край', 'Сибирский'),
(2622, 'Ачинск', 'Красноярский край', 'Сибирский'),
(2623, 'Боготол', 'Красноярский край', 'Сибирский'),
(2624, 'Бородино', 'Красноярский край', 'Сибирский'),
(2625, 'Дивногорск', 'Красноярский край', 'Сибирский'),
(2626, 'Дудинка', 'Красноярский край', 'Сибирский'),
(2627, 'Енисейск', 'Красноярский край', 'Сибирский'),
(2628, 'Железногорск', 'Красноярский край', 'Сибирский'),
(2629, 'Заозёрный', 'Красноярский край', 'Сибирский'),
(2630, 'Зеленогорск', 'Красноярский край', 'Сибирский'),
(2631, 'Игарка', 'Красноярский край', 'Сибирский'),
(2632, 'Иланский', 'Красноярский край', 'Сибирский'),
(2633, 'Канск', 'Красноярский край', 'Сибирский'),
(2634, 'Кодинск', 'Красноярский край', 'Сибирский'),
(2635, 'Красноярск', 'Красноярский край', 'Сибирский'),
(2636, 'Лесосибирск', 'Красноярский край', 'Сибирский'),
(2637, 'Минусинск', 'Красноярский край', 'Сибирский'),
(2638, 'Назарово', 'Красноярский край', 'Сибирский'),
(2639, 'Норильск', 'Красноярский край', 'Сибирский'),
(2640, 'Сосновоборск', 'Красноярский край', 'Сибирский'),
(2641, 'Ужур', 'Красноярский край', 'Сибирский'),
(2642, 'Уяр', 'Красноярский край', 'Сибирский'),
(2643, 'Шарыпово', 'Красноярский край', 'Сибирский'),
(2644, 'Далматово', 'Курганская область', 'Уральский'),
(2645, 'Катайск', 'Курганская область', 'Уральский'),
(2646, 'Курган', 'Курганская область', 'Уральский'),
(2647, 'Куртамыш', 'Курганская область', 'Уральский'),
(2648, 'Макушино', 'Курганская область', 'Уральский'),
(2649, 'Петухово', 'Курганская область', 'Уральский'),
(2650, 'Шадринск', 'Курганская область', 'Уральский'),
(2651, 'Шумиха', 'Курганская область', 'Уральский'),
(2652, 'Щучье', 'Курганская область', 'Уральский'),
(2653, 'Дмитриев', 'Курская область', 'Центральный'),
(2654, 'Железногорск', 'Курская область', 'Центральный'),
(2655, 'Курск', 'Курская область', 'Центральный'),
(2656, 'Курчатов', 'Курская область', 'Центральный'),
(2657, 'Льгов', 'Курская область', 'Центральный'),
(2658, 'Обоянь', 'Курская область', 'Центральный'),
(2659, 'Рыльск', 'Курская область', 'Центральный'),
(2660, 'Суджа', 'Курская область', 'Центральный'),
(2661, 'Фатеж', 'Курская область', 'Центральный'),
(2662, 'Щигры', 'Курская область', 'Центральный'),
(2663, 'Бокситогорск', 'Ленинградская область', 'Северо-Западный'),
(2664, 'Волосово', 'Ленинградская область', 'Северо-Западный'),
(2665, 'Волхов', 'Ленинградская область', 'Северо-Западный'),
(2666, 'Всеволожск', 'Ленинградская область', 'Северо-Западный'),
(2667, 'Выборг', 'Ленинградская область', 'Северо-Западный'),
(2668, 'Высоцк', 'Ленинградская область', 'Северо-Западный'),
(2669, 'Гатчина', 'Ленинградская область', 'Северо-Западный'),
(2670, 'Ивангород', 'Ленинградская область', 'Северо-Западный'),
(2671, 'Каменногорск', 'Ленинградская область', 'Северо-Западный'),
(2672, 'Кингисепп', 'Ленинградская область', 'Северо-Западный'),
(2673, 'Кириши', 'Ленинградская область', 'Северо-Западный'),
(2674, 'Кировск', 'Ленинградская область', 'Северо-Западный'),
(2675, 'Коммунар', 'Ленинградская область', 'Северо-Западный'),
(2676, 'Лодейное Поле', 'Ленинградская область', 'Северо-Западный'),
(2677, 'Луга', 'Ленинградская область', 'Северо-Западный'),
(2678, 'Любань', 'Ленинградская область', 'Северо-Западный'),
(2679, 'Никольское', 'Ленинградская область', 'Северо-Западный'),
(2680, 'Новая Ладога', 'Ленинградская область', 'Северо-Западный'),
(2681, 'Отрадное', 'Ленинградская область', 'Северо-Западный'),
(2682, 'Пикалёво', 'Ленинградская область', 'Северо-Западный'),
(2683, 'Подпорожье', 'Ленинградская область', 'Северо-Западный'),
(2684, 'Приморск', 'Ленинградская область', 'Северо-Западный'),
(2685, 'Приозерск', 'Ленинградская область', 'Северо-Западный'),
(2686, 'Светогорск', 'Ленинградская область', 'Северо-Западный'),
(2687, 'Сертолово', 'Ленинградская область', 'Северо-Западный'),
(2688, 'Сланцы', 'Ленинградская область', 'Северо-Западный'),
(2689, 'Сосновый Бор', 'Ленинградская область', 'Северо-Западный'),
(2690, 'Сясьстрой', 'Ленинградская область', 'Северо-Западный'),
(2691, 'Тихвин', 'Ленинградская область', 'Северо-Западный'),
(2692, 'Тосно', 'Ленинградская область', 'Северо-Западный'),
(2693, 'Шлиссельбург', 'Ленинградская область', 'Северо-Западный'),
(2694, 'Грязи', 'Липецкая область', 'Центральный'),
(2695, 'Данков', 'Липецкая область', 'Центральный'),
(2696, 'Елец', 'Липецкая область', 'Центральный'),
(2697, 'Задонск', 'Липецкая область', 'Центральный'),
(2698, 'Лебедянь', 'Липецкая область', 'Центральный'),
(2699, 'Липецк', 'Липецкая область', 'Центральный'),
(2700, 'Усмань', 'Липецкая область', 'Центральный'),
(2701, 'Чаплыгин', 'Липецкая область', 'Центральный'),
(2702, 'Магадан', 'Магаданская область', 'Дальневосточный'),
(2703, 'Сусуман', 'Магаданская область', 'Дальневосточный'),
(2704, 'Волжск', 'Марий Эл', 'Приволжский'),
(2705, 'Звенигово', 'Марий Эл', 'Приволжский'),
(2706, 'Йошкар-Ола', 'Марий Эл', 'Приволжский'),
(2707, 'Козьмодемьянск', 'Марий Эл', 'Приволжский'),
(2708, 'Ардатов', 'Мордовия', 'Приволжский'),
(2709, 'Инсар', 'Мордовия', 'Приволжский'),
(2710, 'Ковылкино', 'Мордовия', 'Приволжский'),
(2711, 'Краснослободск', 'Мордовия', 'Приволжский'),
(2712, 'Рузаевка', 'Мордовия', 'Приволжский'),
(2713, 'Саранск', 'Мордовия', 'Приволжский'),
(2714, 'Темников', 'Мордовия', 'Приволжский'),
(2715, 'Москва', 'Москва', 'Центральный'),
(2716, 'Апрелевка', 'Московская область', 'Центральный'),
(2717, 'Балашиха', 'Московская область', 'Центральный'),
(2718, 'Бронницы', 'Московская область', 'Центральный'),
(2719, 'Верея', 'Московская область', 'Центральный'),
(2720, 'Видное', 'Московская область', 'Центральный'),
(2721, 'Волоколамск', 'Московская область', 'Центральный'),
(2722, 'Воскресенск', 'Московская область', 'Центральный'),
(2723, 'Высоковск', 'Московская область', 'Центральный'),
(2724, 'Голицыно', 'Московская область', 'Центральный'),
(2725, 'Дедовск', 'Московская область', 'Центральный'),
(2726, 'Дзержинский', 'Московская область', 'Центральный'),
(2727, 'Дмитров', 'Московская область', 'Центральный'),
(2728, 'Долгопрудный', 'Московская область', 'Центральный'),
(2729, 'Домодедово', 'Московская область', 'Центральный'),
(2730, 'Дрезна', 'Московская область', 'Центральный'),
(2731, 'Дубна', 'Московская область', 'Центральный'),
(2732, 'Егорьевск', 'Московская область', 'Центральный'),
(2733, 'Железнодорожный', 'Московская область', 'Центральный'),
(2734, 'Жуковский', 'Московская область', 'Центральный'),
(2735, 'Зарайск', 'Московская область', 'Центральный'),
(2736, 'Звенигород', 'Московская область', 'Центральный'),
(2737, 'Ивантеевка', 'Московская область', 'Центральный'),
(2738, 'Истра', 'Московская область', 'Центральный'),
(2739, 'Кашира', 'Московская область', 'Центральный'),
(2740, 'Климовск', 'Московская область', 'Центральный'),
(2741, 'Клин', 'Московская область', 'Центральный'),
(2742, 'Коломна', 'Московская область', 'Центральный'),
(2743, 'Котельники', 'Московская область', 'Центральный'),
(2744, 'Королёв', 'Московская область', 'Центральный'),
(2745, 'Красноармейск', 'Московская область', 'Центральный'),
(2746, 'Красногорск', 'Московская область', 'Центральный'),
(2747, 'Краснозаводск', 'Московская область', 'Центральный'),
(2748, 'Краснознаменск', 'Московская область', 'Центральный'),
(2749, 'Кубинка', 'Московская область', 'Центральный'),
(2750, 'Куровское', 'Московская область', 'Центральный'),
(2751, 'Ликино-Дулёво', 'Московская область', 'Центральный'),
(2752, 'Лобня', 'Московская область', 'Центральный'),
(2753, 'Лосино-Петровский', 'Московская область', 'Центральный'),
(2754, 'Луховицы', 'Московская область', 'Центральный'),
(2755, 'Лыткарино', 'Московская область', 'Центральный'),
(2756, 'Люберцы', 'Московская область', 'Центральный'),
(2757, 'Можайск', 'Московская область', 'Центральный'),
(2758, 'Московский', 'Москва', 'Центральный'),
(2759, 'Мытищи', 'Московская область', 'Центральный'),
(2760, 'Наро-Фоминск', 'Московская область', 'Центральный'),
(2761, 'Ногинск', 'Московская область', 'Центральный'),
(2762, 'Одинцово', 'Московская область', 'Центральный'),
(2763, 'Ожерелье', 'Московская область', 'Центральный'),
(2764, 'Озёры', 'Московская область', 'Центральный'),
(2765, 'Орехово-Зуево', 'Московская область', 'Центральный'),
(2766, 'Павловский Посад', 'Московская область', 'Центральный'),
(2767, 'Пересвет', 'Московская область', 'Центральный'),
(2768, 'Подольск', 'Московская область', 'Центральный'),
(2769, 'Протвино', 'Московская область', 'Центральный'),
(2770, 'Пушкино', 'Московская область', 'Центральный'),
(2771, 'Пущино', 'Московская область', 'Центральный'),
(2772, 'Раменское', 'Московская область', 'Центральный'),
(2773, 'Реутов', 'Московская область', 'Центральный'),
(2774, 'Рошаль', 'Московская область', 'Центральный'),
(2775, 'Руза', 'Московская область', 'Центральный'),
(2776, 'Сергиев Посад', 'Московская область', 'Центральный'),
(2777, 'Серпухов', 'Московская область', 'Центральный'),
(2778, 'Солнечногорск', 'Московская область', 'Центральный'),
(2779, 'Старая Купавна', 'Московская область', 'Центральный'),
(2780, 'Ступино', 'Московская область', 'Центральный'),
(2781, 'Талдом', 'Московская область', 'Центральный'),
(2782, 'Троицк', 'Москва', 'Центральный'),
(2783, 'Фрязино', 'Московская область', 'Центральный'),
(2784, 'Химки', 'Московская область', 'Центральный'),
(2785, 'Хотьково', 'Московская область', 'Центральный'),
(2786, 'Черноголовка', 'Московская область', 'Центральный'),
(2787, 'Чехов', 'Московская область', 'Центральный'),
(2788, 'Шатура', 'Московская область', 'Центральный'),
(2789, 'Щёлково', 'Московская область', 'Центральный'),
(2790, 'Щербинка', 'Москва', 'Центральный'),
(2791, 'Электрогорск', 'Московская область', 'Центральный'),
(2792, 'Электросталь', 'Московская область', 'Центральный'),
(2793, 'Электроугли', 'Московская область', 'Центральный'),
(2794, 'Юбилейный', 'Московская область', 'Центральный'),
(2795, 'Яхрома', 'Московская область', 'Центральный'),
(2796, 'Апатиты', 'Мурманская область', 'Северо-Западный'),
(2797, 'Гаджиево', 'Мурманская область', 'Северо-Западный'),
(2798, 'Заозёрск', 'Мурманская область', 'Северо-Западный'),
(2799, 'Заполярный', 'Мурманская область', 'Северо-Западный'),
(2800, 'Кандалакша', 'Мурманская область', 'Северо-Западный'),
(2801, 'Кировск', 'Мурманская область', 'Северо-Западный'),
(2802, 'Ковдор', 'Мурманская область', 'Северо-Западный'),
(2803, 'Кола', 'Мурманская область', 'Северо-Западный'),
(2804, 'Мончегорск', 'Мурманская область', 'Северо-Западный'),
(2805, 'Мурманск', 'Мурманская область', 'Северо-Западный'),
(2806, 'Оленегорск', 'Мурманская область', 'Северо-Западный'),
(2807, 'Островной', 'Мурманская область', 'Северо-Западный'),
(2808, 'Полярные Зори', 'Мурманская область', 'Северо-Западный'),
(2809, 'Полярный', 'Мурманская область', 'Северо-Западный'),
(2810, 'Североморск', 'Мурманская область', 'Северо-Западный'),
(2811, 'Снежногорск', 'Мурманская область', 'Северо-Западный'),
(2812, 'Нарьян-Мар', 'Ненецкий Авт. Окр.', 'Северо-Западный'),
(2813, 'Арзамас', 'Нижегородская область', 'Приволжский'),
(2814, 'Балахна', 'Нижегородская область', 'Приволжский'),
(2815, 'Богородск', 'Нижегородская область', 'Приволжский'),
(2816, 'Бор', 'Нижегородская область', 'Приволжский'),
(2817, 'Ветлуга', 'Нижегородская область', 'Приволжский'),
(2818, 'Володарск', 'Нижегородская область', 'Приволжский'),
(2819, 'Ворсма', 'Нижегородская область', 'Приволжский'),
(2820, 'Выкса', 'Нижегородская область', 'Приволжский'),
(2821, 'Горбатов', 'Нижегородская область', 'Приволжский'),
(2822, 'Городец', 'Нижегородская область', 'Приволжский'),
(2823, 'Дзержинск', 'Нижегородская область', 'Приволжский'),
(2824, 'Заволжье', 'Нижегородская область', 'Приволжский'),
(2825, 'Княгинино', 'Нижегородская область', 'Приволжский'),
(2826, 'Кстово', 'Нижегородская область', 'Приволжский'),
(2827, 'Кулебаки', 'Нижегородская область', 'Приволжский'),
(2828, 'Лукоянов', 'Нижегородская область', 'Приволжский'),
(2829, 'Лысково', 'Нижегородская область', 'Приволжский'),
(2830, 'Навашино', 'Нижегородская область', 'Приволжский'),
(2831, 'Нижний Новгород', 'Нижегородская область', 'Приволжский'),
(2832, 'Павлово', 'Нижегородская область', 'Приволжский'),
(2833, 'Первомайск', 'Нижегородская область', 'Приволжский'),
(2834, 'Перевоз', 'Нижегородская область', 'Приволжский'),
(2835, 'Саров', 'Нижегородская область', 'Приволжский'),
(2836, 'Семёнов', 'Нижегородская область', 'Приволжский'),
(2837, 'Сергач', 'Нижегородская область', 'Приволжский'),
(2838, 'Урень', 'Нижегородская область', 'Приволжский'),
(2839, 'Чкаловск', 'Нижегородская область', 'Приволжский'),
(2840, 'Шахунья', 'Нижегородская область', 'Приволжский'),
(2841, 'Боровичи', 'Новгородская область', 'Северо-Западный'),
(2842, 'Валдай', 'Новгородская область', 'Северо-Западный'),
(2843, 'Великий Новгород', 'Новгородская область', 'Северо-Западный'),
(2844, 'Малая Вишера', 'Новгородская область', 'Северо-Западный'),
(2845, 'Окуловка', 'Новгородская область', 'Северо-Западный'),
(2846, 'Пестово', 'Новгородская область', 'Северо-Западный'),
(2847, 'Сольцы', 'Новгородская область', 'Северо-Западный'),
(2848, 'Старая Русса', 'Новгородская область', 'Северо-Западный'),
(2849, 'Холм', 'Новгородская область', 'Северо-Западный'),
(2850, 'Чудово', 'Новгородская область', 'Северо-Западный'),
(2851, 'Барабинск', 'Новосибирская область', 'Сибирский'),
(2852, 'Бердск', 'Новосибирская область', 'Сибирский'),
(2853, 'Болотное', 'Новосибирская область', 'Сибирский'),
(2854, 'Искитим', 'Новосибирская область', 'Сибирский'),
(2855, 'Карасук', 'Новосибирская область', 'Сибирский'),
(2856, 'Каргат', 'Новосибирская область', 'Сибирский'),
(2857, 'Куйбышев', 'Новосибирская область', 'Сибирский'),
(2858, 'Купино', 'Новосибирская область', 'Сибирский'),
(2859, 'Новосибирск', 'Новосибирская область', 'Сибирский'),
(2860, 'Обь', 'Новосибирская область', 'Сибирский'),
(2861, 'Татарск', 'Новосибирская область', 'Сибирский'),
(2862, 'Тогучин', 'Новосибирская область', 'Сибирский'),
(2863, 'Черепаново', 'Новосибирская область', 'Сибирский'),
(2864, 'Чулым', 'Новосибирская область', 'Сибирский'),
(2865, 'Исилькуль', 'Омская область', 'Сибирский'),
(2866, 'Калачинск', 'Омская область', 'Сибирский'),
(2867, 'Называевск', 'Омская область', 'Сибирский'),
(2868, 'Омск', 'Омская область', 'Сибирский'),
(2869, 'Тара', 'Омская область', 'Сибирский'),
(2870, 'Тюкалинск', 'Омская область', 'Сибирский'),
(2871, 'Абдулино', 'Оренбургская область', 'Приволжский'),
(2872, 'Бугуруслан', 'Оренбургская область', 'Приволжский'),
(2873, 'Бузулук', 'Оренбургская область', 'Приволжский'),
(2874, 'Гай', 'Оренбургская область', 'Приволжский'),
(2875, 'Кувандык', 'Оренбургская область', 'Приволжский'),
(2876, 'Медногорск', 'Оренбургская область', 'Приволжский'),
(2877, 'Новотроицк', 'Оренбургская область', 'Приволжский'),
(2878, 'Оренбург', 'Оренбургская область', 'Приволжский'),
(2879, 'Орск', 'Оренбургская область', 'Приволжский'),
(2880, 'Соль-Илецк', 'Оренбургская область', 'Приволжский'),
(2881, 'Сорочинск', 'Оренбургская область', 'Приволжский'),
(2882, 'Ясный', 'Оренбургская область', 'Приволжский'),
(2883, 'Болхов', 'Орловская область', 'Центральный'),
(2884, 'Дмитровск', 'Орловская область', 'Центральный'),
(2885, 'Ливны', 'Орловская область', 'Центральный'),
(2886, 'Малоархангельск', 'Орловская область', 'Центральный'),
(2887, 'Мценск', 'Орловская область', 'Центральный'),
(2888, 'Новосиль', 'Орловская область', 'Центральный'),
(2889, 'Орёл', 'Орловская область', 'Центральный'),
(2890, 'Белинский', 'Пензенская область', 'Приволжский'),
(2891, 'Городище', 'Пензенская область', 'Приволжский'),
(2892, 'Заречный', 'Пензенская область', 'Приволжский'),
(2893, 'Каменка', 'Пензенская область', 'Приволжский'),
(2894, 'Кузнецк', 'Пензенская область', 'Приволжский'),
(2895, 'Нижний Ломов', 'Пензенская область', 'Приволжский'),
(2896, 'Никольск', 'Пензенская область', 'Приволжский'),
(2897, 'Пенза', 'Пензенская область', 'Приволжский'),
(2898, 'Сердобск', 'Пензенская область', 'Приволжский'),
(2899, 'Спасск', 'Пензенская область', 'Приволжский'),
(2900, 'Сурск', 'Пензенская область', 'Приволжский'),
(2901, 'Александровск', 'Пермский край', 'Приволжский'),
(2902, 'Березники', 'Пермский край', 'Приволжский'),
(2903, 'Верещагино', 'Пермский край', 'Приволжский'),
(2904, 'Горнозаводск', 'Пермский край', 'Приволжский'),
(2905, 'Гремячинск', 'Пермский край', 'Приволжский'),
(2906, 'Губаха', 'Пермский край', 'Приволжский'),
(2907, 'Добрянка', 'Пермский край', 'Приволжский'),
(2908, 'Кизел', 'Пермский край', 'Приволжский'),
(2909, 'Красновишерск', 'Пермский край', 'Приволжский'),
(2910, 'Краснокамск', 'Пермский край', 'Приволжский'),
(2911, 'Кудымкар', 'Пермский край', 'Приволжский'),
(2912, 'Кунгур', 'Пермский край', 'Приволжский'),
(2913, 'Лысьва', 'Пермский край', 'Приволжский'),
(2914, 'Нытва', 'Пермский край', 'Приволжский'),
(2915, 'Оса', 'Пермский край', 'Приволжский'),
(2916, 'Оханск', 'Пермский край', 'Приволжский'),
(2917, 'Очёр', 'Пермский край', 'Приволжский'),
(2918, 'Пермь', 'Пермский край', 'Приволжский'),
(2919, 'Соликамск', 'Пермский край', 'Приволжский'),
(2920, 'Усолье', 'Пермский край', 'Приволжский'),
(2921, 'Чайковский', 'Пермский край', 'Приволжский'),
(2922, 'Чердынь', 'Пермский край', 'Приволжский'),
(2923, 'Чёрмоз', 'Пермский край', 'Приволжский'),
(2924, 'Чернушка', 'Пермский край', 'Приволжский'),
(2925, 'Чусовой', 'Пермский край', 'Приволжский'),
(2926, 'Арсеньев', 'Приморский край', 'Дальневосточный'),
(2927, 'Артём', 'Приморский край', 'Дальневосточный'),
(2928, 'Большой Камень', 'Приморский край', 'Дальневосточный'),
(2929, 'Владивосток', 'Приморский край', 'Дальневосточный'),
(2930, 'Дальнегорск', 'Приморский край', 'Дальневосточный'),
(2931, 'Дальнереченск', 'Приморский край', 'Дальневосточный'),
(2932, 'Лесозаводск', 'Приморский край', 'Дальневосточный'),
(2933, 'Находка', 'Приморский край', 'Дальневосточный'),
(2934, 'Партизанск', 'Приморский край', 'Дальневосточный'),
(2935, 'Спасск-Дальний', 'Приморский край', 'Дальневосточный'),
(2936, 'Уссурийск', 'Приморский край', 'Дальневосточный'),
(2937, 'Фокино', 'Приморский край', 'Дальневосточный'),
(2938, 'Великие Луки', 'Псковская область', 'Северо-Западный'),
(2939, 'Гдов', 'Псковская область', 'Северо-Западный'),
(2940, 'Дно', 'Псковская область', 'Северо-Западный'),
(2941, 'Невель', 'Псковская область', 'Северо-Западный'),
(2942, 'Новоржев', 'Псковская область', 'Северо-Западный'),
(2943, 'Новосокольники', 'Псковская область', 'Северо-Западный'),
(2944, 'Опочка', 'Псковская область', 'Северо-Западный'),
(2945, 'Остров', 'Псковская область', 'Северо-Западный'),
(2946, 'Печоры', 'Псковская область', 'Северо-Западный'),
(2947, 'Порхов', 'Псковская область', 'Северо-Западный'),
(2948, 'Псков', 'Псковская область', 'Северо-Западный'),
(2949, 'Пустошка', 'Псковская область', 'Северо-Западный'),
(2950, 'Пыталово', 'Псковская область', 'Северо-Западный'),
(2951, 'Себеж', 'Псковская область', 'Северо-Западный'),
(2952, 'Азов', 'Ростовская область', 'Южный'),
(2953, 'Аксай', 'Ростовская область', 'Южный'),
(2954, 'Батайск', 'Ростовская область', 'Южный'),
(2955, 'Белая Калитва', 'Ростовская область', 'Южный'),
(2956, 'Волгодонск', 'Ростовская область', 'Южный'),
(2957, 'Гуково', 'Ростовская область', 'Южный'),
(2958, 'Донецк', 'Ростовская область', 'Южный'),
(2959, 'Зверево', 'Ростовская область', 'Южный'),
(2960, 'Зерноград', 'Ростовская область', 'Южный'),
(2961, 'Каменск-Шахтинский', 'Ростовская область', 'Южный'),
(2962, 'Константиновск', 'Ростовская область', 'Южный'),
(2963, 'Красный Сулин', 'Ростовская область', 'Южный'),
(2964, 'Миллерово', 'Ростовская область', 'Южный'),
(2965, 'Морозовск', 'Ростовская область', 'Южный'),
(2966, 'Новочеркасск', 'Ростовская область', 'Южный'),
(2967, 'Новошахтинск', 'Ростовская область', 'Южный'),
(2968, 'Пролетарск', 'Ростовская область', 'Южный'),
(2969, 'Ростов-на-Дону', 'Ростовская область', 'Южный'),
(2970, 'Сальск', 'Ростовская область', 'Южный'),
(2971, 'Семикаракорск', 'Ростовская область', 'Южный');
INSERT INTO `city` (`id`, `name`, `region`, `federal`) VALUES
(2972, 'Таганрог', 'Ростовская область', 'Южный'),
(2973, 'Цимлянск', 'Ростовская область', 'Южный'),
(2974, 'Шахты', 'Ростовская область', 'Южный'),
(2975, 'Касимов', 'Рязанская область', 'Центральный'),
(2976, 'Кораблино', 'Рязанская область', 'Центральный'),
(2977, 'Михайлов', 'Рязанская область', 'Центральный'),
(2978, 'Новомичуринск', 'Рязанская область', 'Центральный'),
(2979, 'Рыбное', 'Рязанская область', 'Центральный'),
(2980, 'Ряжск', 'Рязанская область', 'Центральный'),
(2981, 'Рязань', 'Рязанская область', 'Центральный'),
(2982, 'Сасово', 'Рязанская область', 'Центральный'),
(2983, 'Скопин', 'Рязанская область', 'Центральный'),
(2984, 'Спас-Клепики', 'Рязанская область', 'Центральный'),
(2985, 'Спасск-Рязанский', 'Рязанская область', 'Центральный'),
(2986, 'Шацк', 'Рязанская область', 'Центральный'),
(2987, 'Жигулёвск', 'Самарская область', 'Приволжский'),
(2988, 'Кинель', 'Самарская область', 'Приволжский'),
(2989, 'Нефтегорск', 'Самарская область', 'Приволжский'),
(2990, 'Новокуйбышевск', 'Самарская область', 'Приволжский'),
(2991, 'Октябрьск', 'Самарская область', 'Приволжский'),
(2992, 'Отрадный', 'Самарская область', 'Приволжский'),
(2993, 'Похвистнево', 'Самарская область', 'Приволжский'),
(2994, 'Самара', 'Самарская область', 'Приволжский'),
(2995, 'Сызрань', 'Самарская область', 'Приволжский'),
(2996, 'Тольятти', 'Самарская область', 'Приволжский'),
(2997, 'Чапаевск', 'Самарская область', 'Приволжский'),
(2998, 'Зеленогорск', 'Санкт-Петербург', 'Северо-Западный'),
(2999, 'Колпино', 'Санкт-Петербург', 'Северо-Западный'),
(3000, 'Красное Село', 'Санкт-Петербург', 'Северо-Западный'),
(3001, 'Кронштадт', 'Санкт-Петербург', 'Северо-Западный'),
(3002, 'Ломоносов', 'Санкт-Петербург', 'Северо-Западный'),
(3003, 'Павловск', 'Санкт-Петербург', 'Северо-Западный'),
(3004, 'Петергоф', 'Санкт-Петербург', 'Северо-Западный'),
(3005, 'Пушкин', 'Санкт-Петербург', 'Северо-Западный'),
(3006, 'Санкт-Петербург', 'Санкт-Петербург', 'Северо-Западный'),
(3007, 'Сестрорецк', 'Санкт-Петербург', 'Северо-Западный'),
(3008, 'Аркадак', 'Саратовская область', 'Приволжский'),
(3009, 'Аткарск', 'Саратовская область', 'Приволжский'),
(3010, 'Балаково', 'Саратовская область', 'Приволжский'),
(3011, 'Балашов', 'Саратовская область', 'Приволжский'),
(3012, 'Вольск', 'Саратовская область', 'Приволжский'),
(3013, 'Ершов', 'Саратовская область', 'Приволжский'),
(3014, 'Калининск', 'Саратовская область', 'Приволжский'),
(3015, 'Красноармейск', 'Саратовская область', 'Приволжский'),
(3016, 'Красный Кут', 'Саратовская область', 'Приволжский'),
(3017, 'Маркс', 'Саратовская область', 'Приволжский'),
(3018, 'Новоузенск', 'Саратовская область', 'Приволжский'),
(3019, 'Петровск', 'Саратовская область', 'Приволжский'),
(3020, 'Пугачёв', 'Саратовская область', 'Приволжский'),
(3021, 'Ртищево', 'Саратовская область', 'Приволжский'),
(3022, 'Саратов', 'Саратовская область', 'Приволжский'),
(3023, 'Хвалынск', 'Саратовская область', 'Приволжский'),
(3024, 'Шиханы', 'Саратовская область', 'Приволжский'),
(3025, 'Энгельс', 'Саратовская область', 'Приволжский'),
(3026, 'Александровск-Сахалинский', 'Сахалинская область', 'Дальневосточный'),
(3027, 'Анива', 'Сахалинская область', 'Дальневосточный'),
(3028, 'Долинск', 'Сахалинская область', 'Дальневосточный'),
(3029, 'Корсаков', 'Сахалинская область', 'Дальневосточный'),
(3030, 'Курильск', 'Сахалинская область', 'Дальневосточный'),
(3031, 'Макаров', 'Сахалинская область', 'Дальневосточный'),
(3032, 'Невельск', 'Сахалинская область', 'Дальневосточный'),
(3033, 'Оха', 'Сахалинская область', 'Дальневосточный'),
(3034, 'Поронайск', 'Сахалинская область', 'Дальневосточный'),
(3035, 'Северо-Курильск', 'Сахалинская область', 'Дальневосточный'),
(3036, 'Томари', 'Сахалинская область', 'Дальневосточный'),
(3037, 'Углегорск', 'Сахалинская область', 'Дальневосточный'),
(3038, 'Холмск', 'Сахалинская область', 'Дальневосточный'),
(3039, 'Шахтёрск', 'Сахалинская область', 'Дальневосточный'),
(3040, 'Южно-Сахалинск', 'Сахалинская область', 'Дальневосточный'),
(3041, 'Алапаевск', 'Свердловская область', 'Уральский'),
(3042, 'Арамиль', 'Свердловская область', 'Уральский'),
(3043, 'Артёмовский', 'Свердловская область', 'Уральский'),
(3044, 'Асбест', 'Свердловская область', 'Уральский'),
(3045, 'Берёзовский', 'Свердловская область', 'Уральский'),
(3046, 'Богданович', 'Свердловская область', 'Уральский'),
(3047, 'Верхний Тагил', 'Свердловская область', 'Уральский'),
(3048, 'Верхняя Пышма', 'Свердловская область', 'Уральский'),
(3049, 'Верхняя Салда', 'Свердловская область', 'Уральский'),
(3050, 'Верхняя Тура', 'Свердловская область', 'Уральский'),
(3051, 'Верхотурье', 'Свердловская область', 'Уральский'),
(3052, 'Волчанск', 'Свердловская область', 'Уральский'),
(3053, 'Дегтярск', 'Свердловская область', 'Уральский'),
(3054, 'Екатеринбург', 'Свердловская область', 'Уральский'),
(3055, 'Заречный', 'Свердловская область', 'Уральский'),
(3056, 'Ивдель', 'Свердловская область', 'Уральский'),
(3057, 'Ирбит', 'Свердловская область', 'Уральский'),
(3058, 'Каменск-Уральский', 'Свердловская область', 'Уральский'),
(3059, 'Камышлов', 'Свердловская область', 'Уральский'),
(3060, 'Карпинск', 'Свердловская область', 'Уральский'),
(3061, 'Качканар', 'Свердловская область', 'Уральский'),
(3062, 'Кировград', 'Свердловская область', 'Уральский'),
(3063, 'Краснотурьинск', 'Свердловская область', 'Уральский'),
(3064, 'Красноуральск', 'Свердловская область', 'Уральский'),
(3065, 'Красноуфимск', 'Свердловская область', 'Уральский'),
(3066, 'Кушва', 'Свердловская область', 'Уральский'),
(3067, 'Лесной', 'Свердловская область', 'Уральский'),
(3068, 'Михайловск', 'Свердловская область', 'Уральский'),
(3069, 'Невьянск', 'Свердловская область', 'Уральский'),
(3070, 'Нижние Серги', 'Свердловская область', 'Уральский'),
(3071, 'Нижний Тагил', 'Свердловская область', 'Уральский'),
(3072, 'Нижняя Салда', 'Свердловская область', 'Уральский'),
(3073, 'Нижняя Тура', 'Свердловская область', 'Уральский'),
(3074, 'Новая Ляля', 'Свердловская область', 'Уральский'),
(3075, 'Новоуральск', 'Свердловская область', 'Уральский'),
(3076, 'Первоуральск', 'Свердловская область', 'Уральский'),
(3077, 'Полевской', 'Свердловская область', 'Уральский'),
(3078, 'Ревда', 'Свердловская область', 'Уральский'),
(3079, 'Реж', 'Свердловская область', 'Уральский'),
(3080, 'Североуральск', 'Свердловская область', 'Уральский'),
(3081, 'Серов', 'Свердловская область', 'Уральский'),
(3082, 'Среднеуральск', 'Свердловская область', 'Уральский'),
(3083, 'Сухой Лог', 'Свердловская область', 'Уральский'),
(3084, 'Сысерть', 'Свердловская область', 'Уральский'),
(3085, 'Тавда', 'Свердловская область', 'Уральский'),
(3086, 'Талица', 'Свердловская область', 'Уральский'),
(3087, 'Туринск', 'Свердловская область', 'Уральский'),
(3088, 'Алагир', 'Северная Осетия - Алания', 'Северо-Кавказский'),
(3089, 'Ардон', 'Северная Осетия - Алания', 'Северо-Кавказский'),
(3090, 'Беслан', 'Северная Осетия - Алания', 'Северо-Кавказский'),
(3091, 'Владикавказ', 'Северная Осетия - Алания', 'Северо-Кавказский'),
(3092, 'Дигора', 'Северная Осетия - Алания', 'Северо-Кавказский'),
(3093, 'Моздок', 'Северная Осетия - Алания', 'Северо-Кавказский'),
(3094, 'Велиж', 'Смоленская область', 'Центральный'),
(3095, 'Вязьма', 'Смоленская область', 'Центральный'),
(3096, 'Гагарин', 'Смоленская область', 'Центральный'),
(3097, 'Демидов', 'Смоленская область', 'Центральный'),
(3098, 'Десногорск', 'Смоленская область', 'Центральный'),
(3099, 'Дорогобуж', 'Смоленская область', 'Центральный'),
(3100, 'Духовщина', 'Смоленская область', 'Центральный'),
(3101, 'Ельня', 'Смоленская область', 'Центральный'),
(3102, 'Починок', 'Смоленская область', 'Центральный'),
(3103, 'Рославль', 'Смоленская область', 'Центральный'),
(3104, 'Рудня', 'Смоленская область', 'Центральный'),
(3105, 'Сафоново', 'Смоленская область', 'Центральный'),
(3106, 'Смоленск', 'Смоленская область', 'Центральный'),
(3107, 'Сычёвка', 'Смоленская область', 'Центральный'),
(3108, 'Ярцево', 'Смоленская область', 'Центральный'),
(3109, 'Благодарный', 'Ставропольский край', 'Северо-Кавказский'),
(3110, 'Будённовск', 'Ставропольский край', 'Северо-Кавказский'),
(3111, 'Георгиевск', 'Ставропольский край', 'Северо-Кавказский'),
(3112, 'Ессентуки', 'Ставропольский край', 'Северо-Кавказский'),
(3113, 'Железноводск', 'Ставропольский край', 'Северо-Кавказский'),
(3114, 'Зеленокумск', 'Ставропольский край', 'Северо-Кавказский'),
(3115, 'Изобильный', 'Ставропольский край', 'Северо-Кавказский'),
(3116, 'Ипатово', 'Ставропольский край', 'Северо-Кавказский'),
(3117, 'Кисловодск', 'Ставропольский край', 'Северо-Кавказский'),
(3118, 'Лермонтов', 'Ставропольский край', 'Северо-Кавказский'),
(3119, 'Минеральные Воды', 'Ставропольский край', 'Северо-Кавказский'),
(3120, 'Михайловск', 'Ставропольский край', 'Северо-Кавказский'),
(3121, 'Невинномысск', 'Ставропольский край', 'Северо-Кавказский'),
(3122, 'Нефтекумск', 'Ставропольский край', 'Северо-Кавказский'),
(3123, 'Новоалександровск', 'Ставропольский край', 'Северо-Кавказский'),
(3124, 'Новопавловск', 'Ставропольский край', 'Северо-Кавказский'),
(3125, 'Пятигорск', 'Ставропольский край', 'Северо-Кавказский'),
(3126, 'Светлоград', 'Ставропольский край', 'Северо-Кавказский'),
(3127, 'Ставрополь', 'Ставропольский край', 'Северо-Кавказский'),
(3128, 'Жердевка', 'Тамбовская область', 'Центральный'),
(3129, 'Кирсанов', 'Тамбовская область', 'Центральный'),
(3130, 'Котовск', 'Тамбовская область', 'Центральный'),
(3131, 'Мичуринск', 'Тамбовская область', 'Центральный'),
(3132, 'Моршанск', 'Тамбовская область', 'Центральный'),
(3133, 'Рассказово', 'Тамбовская область', 'Центральный'),
(3134, 'Тамбов', 'Тамбовская область', 'Центральный'),
(3135, 'Уварово', 'Тамбовская область', 'Центральный'),
(3136, 'Агрыз', 'Татарстан', 'Приволжский'),
(3137, 'Азнакаево', 'Татарстан', 'Приволжский'),
(3138, 'Альметьевск', 'Татарстан', 'Приволжский'),
(3139, 'Арск', 'Татарстан', 'Приволжский'),
(3140, 'Бавлы', 'Татарстан', 'Приволжский'),
(3141, 'Болгар', 'Татарстан', 'Приволжский'),
(3142, 'Бугульма', 'Татарстан', 'Приволжский'),
(3143, 'Буинск', 'Татарстан', 'Приволжский'),
(3144, 'Елабуга', 'Татарстан', 'Приволжский'),
(3145, 'Заинск', 'Татарстан', 'Приволжский'),
(3146, 'Зеленодольск', 'Татарстан', 'Приволжский'),
(3147, 'Казань', 'Татарстан', 'Приволжский'),
(3148, 'Лаишево', 'Татарстан', 'Приволжский'),
(3149, 'Лениногорск', 'Татарстан', 'Приволжский'),
(3150, 'Мамадыш', 'Татарстан', 'Приволжский'),
(3151, 'Менделеевск', 'Татарстан', 'Приволжский'),
(3152, 'Мензелинск', 'Татарстан', 'Приволжский'),
(3153, 'Набережные Челны', 'Татарстан', 'Приволжский'),
(3154, 'Нижнекамск', 'Татарстан', 'Приволжский'),
(3155, 'Нурлат', 'Татарстан', 'Приволжский'),
(3156, 'Тетюши', 'Татарстан', 'Приволжский'),
(3157, 'Чистополь', 'Татарстан', 'Приволжский'),
(3158, 'Андреаполь', 'Тверская область', 'Центральный'),
(3159, 'Бежецк', 'Тверская область', 'Центральный'),
(3160, 'Белый', 'Тверская область', 'Центральный'),
(3161, 'Бологое', 'Тверская область', 'Центральный'),
(3162, 'Весьегонск', 'Тверская область', 'Центральный'),
(3163, 'Вышний Волочёк', 'Тверская область', 'Центральный'),
(3164, 'Западная Двина', 'Тверская область', 'Центральный'),
(3165, 'Зубцов', 'Тверская область', 'Центральный'),
(3166, 'Калязин', 'Тверская область', 'Центральный'),
(3167, 'Кашин', 'Тверская область', 'Центральный'),
(3168, 'Кимры', 'Тверская область', 'Центральный'),
(3169, 'Конаково', 'Тверская область', 'Центральный'),
(3170, 'Красный Холм', 'Тверская область', 'Центральный'),
(3171, 'Кувшиново', 'Тверская область', 'Центральный'),
(3172, 'Лихославль', 'Тверская область', 'Центральный'),
(3173, 'Нелидово', 'Тверская область', 'Центральный'),
(3174, 'Осташков', 'Тверская область', 'Центральный'),
(3175, 'Ржев', 'Тверская область', 'Центральный'),
(3176, 'Старица', 'Тверская область', 'Центральный'),
(3177, 'Тверь', 'Тверская область', 'Центральный'),
(3178, 'Торжок', 'Тверская область', 'Центральный'),
(3179, 'Торопец', 'Тверская область', 'Центральный'),
(3180, 'Удомля', 'Тверская область', 'Центральный'),
(3181, 'Асино', 'Томская область', 'Сибирский'),
(3182, 'Кедровый', 'Томская область', 'Сибирский'),
(3183, 'Колпашево', 'Томская область', 'Сибирский'),
(3184, 'Северск', 'Томская область', 'Сибирский'),
(3185, 'Стрежевой', 'Томская область', 'Сибирский'),
(3186, 'Томск', 'Томская область', 'Сибирский'),
(3187, 'Алексин', 'Тульская область', 'Центральный'),
(3188, 'Белёв', 'Тульская область', 'Центральный'),
(3189, 'Богородицк', 'Тульская область', 'Центральный'),
(3190, 'Болохово', 'Тульская область', 'Центральный'),
(3191, 'Венёв', 'Тульская область', 'Центральный'),
(3192, 'Донской', 'Тульская область', 'Центральный'),
(3193, 'Ефремов', 'Тульская область', 'Центральный'),
(3194, 'Кимовск', 'Тульская область', 'Центральный'),
(3195, 'Киреевск', 'Тульская область', 'Центральный'),
(3196, 'Липки', 'Тульская область', 'Центральный'),
(3197, 'Новомосковск', 'Тульская область', 'Центральный'),
(3198, 'Плавск', 'Тульская область', 'Центральный'),
(3199, 'Суворов', 'Тульская область', 'Центральный'),
(3200, 'Тула', 'Тульская область', 'Центральный'),
(3201, 'Узловая', 'Тульская область', 'Центральный'),
(3202, 'Чекалин', 'Тульская область', 'Центральный'),
(3203, 'Щёкино', 'Тульская область', 'Центральный'),
(3204, 'Ясногорск', 'Тульская область', 'Центральный'),
(3205, 'Советск', 'Тульская область', 'Центральный'),
(3206, 'Ак-Довурак', 'Тыва', 'Сибирский'),
(3207, 'Кызыл', 'Тыва', 'Сибирский'),
(3208, 'Туран', 'Тыва', 'Сибирский'),
(3209, 'Чадан', 'Тыва', 'Сибирский'),
(3210, 'Шагонар', 'Тыва', 'Сибирский'),
(3211, 'Заводоуковск', 'Тюменская область', 'Уральский'),
(3212, 'Ишим', 'Тюменская область', 'Уральский'),
(3213, 'Тобольск', 'Тюменская область', 'Уральский'),
(3214, 'Тюмень', 'Тюменская область', 'Уральский'),
(3215, 'Ялуторовск', 'Тюменская область', 'Уральский'),
(3216, 'Воткинск', 'Удмуртия', 'Приволжский'),
(3217, 'Глазов', 'Удмуртия', 'Приволжский'),
(3218, 'Ижевск', 'Удмуртия', 'Приволжский'),
(3219, 'Камбарка', 'Удмуртия', 'Приволжский'),
(3220, 'Можга', 'Удмуртия', 'Приволжский'),
(3221, 'Сарапул', 'Удмуртия', 'Приволжский'),
(3222, 'Барыш', 'Ульяновская область', 'Приволжский'),
(3223, 'Димитровград', 'Ульяновская область', 'Приволжский'),
(3224, 'Инза', 'Ульяновская область', 'Приволжский'),
(3225, 'Новоульяновск', 'Ульяновская область', 'Приволжский'),
(3226, 'Сенгилей', 'Ульяновская область', 'Приволжский'),
(3227, 'Ульяновск', 'Ульяновская область', 'Приволжский'),
(3228, 'Амурск', 'Хабаровский край', 'Дальневосточный'),
(3229, 'Бикин', 'Хабаровский край', 'Дальневосточный'),
(3230, 'Вяземский', 'Хабаровский край', 'Дальневосточный'),
(3231, 'Комсомольск-на-Амуре', 'Хабаровский край', 'Дальневосточный'),
(3232, 'Николаевск-на-Амуре', 'Хабаровский край', 'Дальневосточный'),
(3233, 'Советская Гавань', 'Хабаровский край', 'Дальневосточный'),
(3234, 'Хабаровск', 'Хабаровский край', 'Дальневосточный'),
(3235, 'Абаза', 'Хакасия', 'Сибирский'),
(3236, 'Абакан', 'Хакасия', 'Сибирский'),
(3237, 'Саяногорск', 'Хакасия', 'Сибирский'),
(3238, 'Сорск', 'Хакасия', 'Сибирский'),
(3239, 'Черногорск', 'Хакасия', 'Сибирский'),
(3240, 'Белоярский', 'Ханты-Мансийский авт. окр.', 'Уральский'),
(3241, 'Когалым', 'Ханты-Мансийский авт. окр.', 'Уральский'),
(3242, 'Лангепас', 'Ханты-Мансийский авт. окр.', 'Уральский'),
(3243, 'Лянтор', 'Ханты-Мансийский авт. окр.', 'Уральский'),
(3244, 'Мегион', 'Ханты-Мансийский авт. окр.', 'Уральский'),
(3245, 'Нефтеюганск', 'Ханты-Мансийский авт. окр.', 'Уральский'),
(3246, 'Нижневартовск', 'Ханты-Мансийский авт. окр.', 'Уральский'),
(3247, 'Нягань', 'Ханты-Мансийский авт. окр.', 'Уральский'),
(3248, 'Покачи', 'Ханты-Мансийский авт. окр.', 'Уральский'),
(3249, 'Пыть-Ях', 'Ханты-Мансийский авт. окр.', 'Уральский'),
(3250, 'Радужный', 'Ханты-Мансийский авт. окр.', 'Уральский'),
(3251, 'Советский', 'Ханты-Мансийский авт. окр.', 'Уральский'),
(3252, 'Сургут', 'Ханты-Мансийский авт. окр.', 'Уральский'),
(3253, 'Урай', 'Ханты-Мансийский авт. окр.', 'Уральский'),
(3254, 'Ханты-Мансийск', 'Ханты-Мансийский авт. окр.', 'Уральский'),
(3255, 'Югорск', 'Ханты-Мансийский авт. окр.', 'Уральский'),
(3256, 'Аша', 'Челябинская область', 'Уральский'),
(3257, 'Бакал', 'Челябинская область', 'Уральский'),
(3258, 'Верхнеуральск', 'Челябинская область', 'Уральский'),
(3259, 'Верхний Уфалей', 'Челябинская область', 'Уральский'),
(3260, 'Еманжелинск', 'Челябинская область', 'Уральский'),
(3261, 'Златоуст', 'Челябинская область', 'Уральский'),
(3262, 'Карабаш', 'Челябинская область', 'Уральский'),
(3263, 'Карталы', 'Челябинская область', 'Уральский'),
(3264, 'Касли', 'Челябинская область', 'Уральский'),
(3265, 'Катав-Ивановск', 'Челябинская область', 'Уральский'),
(3266, 'Копейск', 'Челябинская область', 'Уральский'),
(3267, 'Коркино', 'Челябинская область', 'Уральский'),
(3268, 'Куса', 'Челябинская область', 'Уральский'),
(3269, 'Кыштым', 'Челябинская область', 'Уральский'),
(3270, 'Магнитогорск', 'Челябинская область', 'Уральский'),
(3271, 'Миасс', 'Челябинская область', 'Уральский'),
(3272, 'Миньяр', 'Челябинская область', 'Уральский'),
(3273, 'Нязепетровск', 'Челябинская область', 'Уральский'),
(3274, 'Озёрск', 'Челябинская область', 'Уральский'),
(3275, 'Пласт', 'Челябинская область', 'Уральский'),
(3276, 'Сатка', 'Челябинская область', 'Уральский'),
(3277, 'Сим', 'Челябинская область', 'Уральский'),
(3278, 'Снежинск', 'Челябинская область', 'Уральский'),
(3279, 'Трёхгорный', 'Челябинская область', 'Уральский'),
(3280, 'Троицк', 'Челябинская область', 'Уральский'),
(3281, 'Усть-Катав', 'Челябинская область', 'Уральский'),
(3282, 'Чебаркуль', 'Челябинская область', 'Уральский'),
(3283, 'Челябинск', 'Челябинская область', 'Уральский'),
(3284, 'Южноуральск', 'Челябинская область', 'Уральский'),
(3285, 'Юрюзань', 'Челябинская область', 'Уральский'),
(3286, 'Аргун', 'Чечня', 'Северо-Кавказский'),
(3287, 'Грозный', 'Чечня', 'Северо-Кавказский'),
(3288, 'Гудермес', 'Чечня', 'Северо-Кавказский'),
(3289, 'Урус-Мартан', 'Чечня', 'Северо-Кавказский'),
(3290, 'Шали', 'Чечня', 'Северо-Кавказский'),
(3291, 'Алатырь', 'Чувашия', 'Приволжский'),
(3292, 'Канаш', 'Чувашия', 'Приволжский'),
(3293, 'Козловка', 'Чувашия', 'Приволжский'),
(3294, 'Мариинский Посад', 'Чувашия', 'Приволжский'),
(3295, 'Новочебоксарск', 'Чувашия', 'Приволжский'),
(3296, 'Цивильск', 'Чувашия', 'Приволжский'),
(3297, 'Чебоксары', 'Чувашия', 'Приволжский'),
(3298, 'Шумерля', 'Чувашия', 'Приволжский'),
(3299, 'Ядрин', 'Чувашия', 'Приволжский'),
(3300, 'Анадырь', 'Чукотский авт. окр.', 'Дальневосточный'),
(3301, 'Билибино', 'Чукотский авт. окр.', 'Дальневосточный'),
(3302, 'Певек', 'Чукотский авт. окр.', 'Дальневосточный'),
(3303, 'Алдан', 'Якутия', 'Дальневосточный'),
(3304, 'Верхоянск', 'Якутия', 'Дальневосточный'),
(3305, 'Вилюйск', 'Якутия', 'Дальневосточный'),
(3306, 'Ленск', 'Якутия', 'Дальневосточный'),
(3307, 'Мирный', 'Якутия', 'Дальневосточный'),
(3308, 'Нерюнгри', 'Якутия', 'Дальневосточный'),
(3309, 'Нюрба', 'Якутия', 'Дальневосточный'),
(3310, 'Олёкминск', 'Якутия', 'Дальневосточный'),
(3311, 'Покровск', 'Якутия', 'Дальневосточный'),
(3312, 'Среднеколымск', 'Якутия', 'Дальневосточный'),
(3313, 'Томмот', 'Якутия', 'Дальневосточный'),
(3314, 'Удачный', 'Якутия', 'Дальневосточный'),
(3315, 'Якутск', 'Якутия', 'Дальневосточный'),
(3316, 'Губкинский', 'Ямало-Ненецкий авт. окр.', 'Уральский'),
(3317, 'Лабытнанги', 'Ямало-Ненецкий авт. окр.', 'Уральский'),
(3318, 'Муравленко', 'Ямало-Ненецкий авт. окр.', 'Уральский'),
(3319, 'Надым', 'Ямало-Ненецкий авт. окр.', 'Уральский'),
(3320, 'Новый Уренгой', 'Ямало-Ненецкий авт. окр.', 'Уральский'),
(3321, 'Ноябрьск', 'Ямало-Ненецкий авт. окр.', 'Уральский'),
(3322, 'Салехард', 'Ямало-Ненецкий авт. окр.', 'Уральский'),
(3323, 'Тарко-Сале', 'Ямало-Ненецкий авт. окр.', 'Уральский'),
(3324, 'Гаврилов-Ям', 'Ярославская область', 'Центральный'),
(3325, 'Данилов', 'Ярославская область', 'Центральный'),
(3326, 'Любим', 'Ярославская область', 'Центральный'),
(3327, 'Мышкин', 'Ярославская область', 'Центральный'),
(3328, 'Переславль-Залесский', 'Ярославская область', 'Центральный'),
(3329, 'Пошехонье', 'Ярославская область', 'Центральный'),
(3330, 'Ростов', 'Ярославская область', 'Центральный'),
(3331, 'Рыбинск', 'Ярославская область', 'Центральный'),
(3332, 'Тутаев', 'Ярославская область', 'Центральный'),
(3333, 'Углич', 'Ярославская область', 'Центральный'),
(3334, 'Ярославль', 'Ярославская область', 'Центральный');

-- --------------------------------------------------------

--
-- Структура таблицы `dealer_info`
--
-- Создание: Мар 11 2019 г., 11:56
--

DROP TABLE IF EXISTS `dealer_info`;
CREATE TABLE IF NOT EXISTS `dealer_info` (
  `id` int(11) DEFAULT NULL,
  `dealer_id` varchar(255) NOT NULL,
  `name` varchar(50) DEFAULT NULL,
  `surname` varchar(255) DEFAULT NULL,
  `phone` varchar(255) DEFAULT NULL,
  `email` varchar(50) DEFAULT NULL,
  `inn` varchar(255) DEFAULT NULL,
  `snils` varchar(255) DEFAULT NULL,
  `pasport_prefix` varchar(255) DEFAULT NULL,
  `pasport_number` varchar(255) DEFAULT NULL,
  `pasport_date` varchar(255) DEFAULT NULL,
  `pasport_organization` varchar(255) DEFAULT NULL,
  `pasport_organizarion_code` varchar(255) DEFAULT NULL,
  `birthday` varchar(255) DEFAULT NULL,
  `registration_region` varchar(255) DEFAULT NULL,
  `registration_ciity` varchar(255) DEFAULT NULL,
  `registration_street` varchar(255) DEFAULT NULL,
  `registration_house` varchar(255) DEFAULT NULL,
  `registration_corpus` varchar(255) DEFAULT NULL,
  `registration_building` varchar(255) DEFAULT NULL,
  `registration_flat` varchar(255) DEFAULT NULL,
  `living_region` varchar(255) DEFAULT NULL,
  `living_city` varchar(255) DEFAULT NULL,
  `living_street` varchar(255) DEFAULT NULL,
  `living_house` varchar(255) DEFAULT NULL,
  `living_corpus` varchar(255) DEFAULT NULL,
  `living_building` varchar(255) DEFAULT NULL,
  `living_flat` varchar(255) DEFAULT NULL,
  `bank_id` varchar(255) DEFAULT NULL,
  `bank_checking_account` varchar(255) DEFAULT NULL,
  `bank_correction_account` varchar(255) DEFAULT NULL,
  `bank_name` varchar(255) DEFAULT NULL,
  `sold_count` int(11) DEFAULT NULL,
  `canceled_count` int(11) DEFAULT NULL,
  `hung_count` int(11) DEFAULT NULL,
  `accepted_count` int(11) DEFAULT NULL,
  `registration_date` date DEFAULT NULL
) ENGINE=InnoDB DEFAULT CHARSET=utf8 AVG_ROW_LENGTH=8192;

--
-- Дамп данных таблицы `dealer_info`
--

INSERT INTO `dealer_info` (`id`, `dealer_id`, `name`, `surname`, `phone`, `email`, `inn`, `snils`, `pasport_prefix`, `pasport_number`, `pasport_date`, `pasport_organization`, `pasport_organizarion_code`, `birthday`, `registration_region`, `registration_ciity`, `registration_street`, `registration_house`, `registration_corpus`, `registration_building`, `registration_flat`, `living_region`, `living_city`, `living_street`, `living_house`, `living_corpus`, `living_building`, `living_flat`, `bank_id`, `bank_checking_account`, `bank_correction_account`, `bank_name`, `sold_count`, `canceled_count`, `hung_count`, `accepted_count`, `registration_date`) VALUES
(NULL, '1000031', 'Александр Олегович', 'Иванкович', '+7 (952) 377-4066', 'aleksandr-ivankovich@ya.ru', '', '', NULL, '4914104371', '', '', '', '', '', '', '', '', '', '', '', '', 'Абаза', '', '', '', '', '', '', '', '', '', 0, 0, 0, 0, '2019-03-28'),
(NULL, '1000032', 'Сергей', 'Касаткин', '+7 (916) 423-7567', '4237567@mail.ru ', '3316 0288 9139', '117-892-405 83', NULL, '1704287731', '20.08.2003', 'Овд. Г. Киржач Владимирская обл', '332-009', '02.06.1980', 'Владимирская область', 'Киржач', 'Луговая', '8', '', '', '', 'Москва', 'Абаза', 'Дегунинская', '3', '2', '', '13', '044525', '40817 810 3 0100 2944870', '30101 810 2 0000 0000700', 'Райффайзен ', 0, 0, 0, 0, '2019-03-28'),
(NULL, '1000033', 'Андрей Михайлович', 'Чабарин', '+7 (925) 999-2424', 'a.chabarin@gmail.com', '7730 0196 0620', '091-814-418 69', NULL, '4505 647903', '19.06.2003', 'ОВД "Филевский Парк" города Москвы', '772-040', '08.10.1981', 'Центральный', 'Москва', 'Вас. Кожиной ', '14', '6', '', '22', 'Центральный', 'Москва', 'Вас. Кожиной ', '14', '6', '', '22', '044525974', '40817810300003673724', '30101810145250000974', 'АО "Тинькофф Банк"', 1, 0, 0, 0, '2019-04-01'),
(NULL, '1000034', 'Ольга Александровна', 'Романенко', '+7 (926) 974-6886', 'yuventa3000@bk.ru', '7729 7287 4939', '119-707-066 67', NULL, '4510286614', '17.08.2009', 'о-нием по р-ну Очаково-Матвеевское ОУФМС России по гор. Москве в ЗАО', '770-068', '30.04.1989', '', 'Москва', '4-ый Очаковский переулок', '4', '', '', '46', '', 'Москва', '4-ый Очаковский переулок', '4', '', '', '46', '044525225', '40817810738066541262', '30101810400000000225', 'ПАО СБЕРБАНК', 2, 0, 0, 0, '2019-04-02'),
(NULL, '1000035', 'Дмитрий Сергеевич', 'Мельников', '+7 (909) 999-4888', '9994888@bk.ru', '7733 1289 3101', '094-152-312 51', NULL, '4505475400', '18,04,2003', 'РОВД " Покровское-Стрешнево"', '772-088', '21.02.1982', 'Москва', 'Москва', 'строгинский бульвар', '14', '2', '', '99', 'Москва', 'Москва', 'строгинский бульвар', '14', '2', '', '99', '044525593', '40817810404010020922', '30101810200000000593', 'АО Альфа-банк', 1, 0, 0, 0, '2019-04-03'),
(NULL, '1000036', 'Анна Сергеевна', 'Гуськова', '+7 (926) 216-2769', 'anytik89@mail.ru', '7715 9625 9020', '160-304-881 31', NULL, '4510345334', '24.06.2009', 'ОТДЕЛЕНИЕМ ПО РАЙОНУ БУТЫРСКИЙ ОУФМС РОССИИ ПО ГОР. МОСКВЕ В СВАО', '770-079', '04.06.1989', 'Москва', 'Москва', 'Милашенкова ', '17', '', '', '79', 'Москва', 'Москва', 'Милашенкова', '17', '', '', '79', '044525225', '40817810238051134003', '30101810400000000225', 'МОСКОВСКИЙ БАНК СБЕРБАНКА РОССИИ Г. МОСКВА', 0, 0, 0, 0, '2019-04-03'),
(NULL, '1000037', 'Алексей Евгеньевич', 'Туголуков', '+7 (909) 903-3739', 'Tugolukov1978@mail.ru', NULL, NULL, NULL, NULL, NULL, NULL, NULL, NULL, NULL, NULL, NULL, NULL, NULL, NULL, NULL, NULL, 'Абаза', NULL, NULL, NULL, NULL, NULL, NULL, NULL, NULL, NULL, 0, 0, 0, 0, '2019-04-03'),
(NULL, '1000038', 'тест', 'тест', '+7 (921) 333-3333', 'dimidrol4465@yandex.ru', NULL, NULL, NULL, NULL, NULL, NULL, NULL, NULL, NULL, NULL, NULL, NULL, NULL, NULL, NULL, NULL, 'Санкт-Петербург', NULL, NULL, NULL, NULL, NULL, NULL, NULL, NULL, NULL, 0, 0, 0, 0, '2019-04-03'),
(NULL, '1000039', 'Владислав Владимирович', 'Баканов', '+7 (931) 536-4959', 'bvv@kibercar.ru', '5190 9022 6302', '174-885-719 31', NULL, '4714490525', '06.03.2015', 'Отделом УФМС России по Мурманской обл. в Октябрьском АО г. Мурманска', '510-002', '12.10.1994', '', 'Мурманск', 'Воровского', '15', '', '', '15', '', 'Санкт-Петербург', 'Орджоникидзе', '58', '1', '', '174', '044030653', '40817810155861884281', '30101810500000000653', 'СЕВЕРО-ЗАПАДНЫЙ БАНК ПАО СБЕРБАНК', 1, 0, 0, 0, '2019-04-04'),
(NULL, '1000040', 'Алексей Вячеславович', 'Овчинников', '+7 (926) 270-2700', 'a2702700@yandex.ru', NULL, NULL, NULL, NULL, NULL, NULL, NULL, NULL, NULL, NULL, NULL, NULL, NULL, NULL, NULL, NULL, 'Москва', NULL, NULL, NULL, NULL, NULL, NULL, NULL, NULL, NULL, 0, 0, 0, 0, '2019-04-08'),
(NULL, '1000041', 'Наталья Александровна', 'Овчинникова ', '+7 (965) 316-8381', 'Ovchinnikov.a717@gmail.com', '7733 7742 3425', '134-322-969 44', NULL, '4515156896', '05.10.2015', 'Отделом УФМС России по г. Москве по р-ну Митино', '770-093', '24.10.1987', 'Россия', 'Москва', '2 й Митинский переулок ', '5', '', '', '111', 'Россия', 'Москва', '2 й Митинский переулок ', '5', '', '', '111', '044525225', '40817810138047758784', '30101810400000000225', 'сбербанк', 1, 0, 0, 0, '2019-04-08'),
(NULL, '1000042', 'Виктор Вячеславович', 'Геркин', '+7 (903) 966-1754', 'videosys14@gmail.com', '7713 7064 0339', '113-941-663 48', NULL, '4509 426613', '14.12.2007', 'ОВД Тимирязевский ', '770-026', '02.10.1983', 'Москва', 'Абаза', '2-я Квесисская улица', '23', '', '', '179', 'Москва', 'Москва', 'Осенняя 19', '23', '', '', '179', '044525225', '40817810138266354493', '30101810400000000225', 'ПАО Сбербанк', 4, 0, 0, 0, '2019-04-09'),
(NULL, '1000043', 'Павел', 'Нечаев', '+7 (985) 735-1598', 'p.zett@ya.ru', NULL, NULL, NULL, NULL, NULL, NULL, NULL, NULL, NULL, NULL, NULL, NULL, NULL, NULL, NULL, NULL, 'Москва', NULL, NULL, NULL, NULL, NULL, NULL, NULL, NULL, NULL, 0, 0, 0, 0, '2019-04-10'),
(NULL, '1000044', 'Вячеслав', 'Вячеслав', '+7 (926) 868-3465', 'Makarian.kar@yandex.ru', NULL, NULL, NULL, NULL, NULL, NULL, NULL, NULL, NULL, NULL, NULL, NULL, NULL, NULL, NULL, NULL, 'Москва', NULL, NULL, NULL, NULL, NULL, NULL, NULL, NULL, NULL, 1, 0, 0, 0, '2019-04-12'),
(NULL, '1000045', 'test', 'test', '+7 (981) 804-2316', 'dr-death11@ya.ru', NULL, NULL, NULL, NULL, NULL, NULL, NULL, NULL, NULL, NULL, NULL, NULL, NULL, NULL, NULL, NULL, 'Абаза', NULL, NULL, NULL, NULL, NULL, NULL, NULL, NULL, NULL, 0, 0, 0, 0, '2019-04-15'),
(NULL, '1000046', 'Станислав Сергеевич', 'Абрамов', '+7 (926) 521-2495', 'abramoff-400@yandex.ru', '5018 1515 1776', '113-290-523 16', NULL, '4608 049675', '07.03.2008', 'ТП НОМЕР 2,ОТДЕЛА УФМС РОССИИ ПО МОСКОВСКОЙ ОБЛАСТИ В ГОРОДЕ КОРОЛЁВЕ', '500-056', '19.07.1987', 'Московская область', 'Королёв', 'Проезд Макаренко', '1', '', '', '353', 'Московская область', 'Королёв', 'Проезд Макаренко', '1', '', '', '353', '044525225', '40817810838174540385', '30101810400000000225', 'Сбербанк', 2, 0, 0, 0, '2019-04-18'),
(NULL, '1000047', 'Игнатий Николаевич', 'Букин', '+7 (911) 925-2111', 'bukin1979@gmail.com', '7814 4198 6188', '049-722-033 63', NULL, '2203 447824', '01.04.2003', 'Володарским РОВД НИжегородской области', '522-031', '18.07.1979', '', 'Санкт-Петербург', 'Русановская', '19', '5', '', '376', '', 'Санкт-Петербург', 'Русановская', '19', '5', '', '376', '044525974', '40817810800004307269', '30101810145250000974', 'АО "Тинькофф Банк"', 0, 0, 0, 0, '2019-04-23'),
(NULL, '1000048', 'Нурик', 'Пасонов', '+7 (965) 213-0002', 'Nurik23@me.com', NULL, NULL, NULL, NULL, NULL, NULL, NULL, NULL, NULL, NULL, NULL, NULL, NULL, NULL, NULL, NULL, 'Москва', NULL, NULL, NULL, NULL, NULL, NULL, NULL, NULL, NULL, 1, 0, 0, 0, '2019-04-29');

-- --------------------------------------------------------

--
-- Структура таблицы `migration`
--
-- Создание: Мар 11 2019 г., 11:56
--

DROP TABLE IF EXISTS `migration`;
CREATE TABLE IF NOT EXISTS `migration` (
  `version` varchar(180) NOT NULL,
  `apply_time` int(11) DEFAULT NULL
) ENGINE=InnoDB DEFAULT CHARSET=utf8 AVG_ROW_LENGTH=1820;

--
-- Дамп данных таблицы `migration`
--

INSERT INTO `migration` (`version`, `apply_time`) VALUES
('m000000_000000_base', 1544353241),
('m140506_102106_rbac_init', 1544359583),
('m170419_203853_create_table_notification', 1544353248),
('m170625_123108_add_column_event_into_notification', 1544353249),
('m170907_052038_rbac_add_index_on_auth_assignment_user_id', 1544359584),
('m171222_202322_create_table_notification_status', 1544353249),
('m180307_122753_alter_table_notification_status', 1544353250),
('m180523_151638_rbac_updates_indexes_without_prefix', 1544359584),
('m181209_111041_create_user_table', 1544353923);

-- --------------------------------------------------------

--
-- Структура таблицы `notification`
--
-- Создание: Мар 11 2019 г., 11:56
--

DROP TABLE IF EXISTS `notification`;
CREATE TABLE IF NOT EXISTS `notification` (
  `id` int(11) NOT NULL,
  `from_id` int(11) DEFAULT NULL,
  `to_id` int(11) DEFAULT NULL,
  `event` varchar(100) DEFAULT NULL,
  `title` varchar(255) DEFAULT NULL,
  `message` text,
  `params` text,
  `update_at` timestamp NOT NULL DEFAULT CURRENT_TIMESTAMP,
  `create_at` timestamp NOT NULL DEFAULT CURRENT_TIMESTAMP
) ENGINE=InnoDB DEFAULT CHARSET=utf8;

-- --------------------------------------------------------

--
-- Структура таблицы `notification_status`
--
-- Создание: Мар 11 2019 г., 11:56
--

DROP TABLE IF EXISTS `notification_status`;
CREATE TABLE IF NOT EXISTS `notification_status` (
  `id` int(11) NOT NULL,
  `provider` varchar(255) DEFAULT NULL,
  `event` varchar(255) DEFAULT NULL,
  `params` text,
  `status` text,
  `update_at` timestamp NULL DEFAULT NULL,
  `create_at` timestamp NOT NULL DEFAULT CURRENT_TIMESTAMP
) ENGINE=InnoDB DEFAULT CHARSET=utf8;

-- --------------------------------------------------------

--
-- Структура таблицы `order_status`
--
-- Создание: Мар 11 2019 г., 11:56
--

DROP TABLE IF EXISTS `order_status`;
CREATE TABLE IF NOT EXISTS `order_status` (
  `id` int(11) NOT NULL,
  `name` varchar(50) DEFAULT NULL
) ENGINE=InnoDB AUTO_INCREMENT=6 DEFAULT CHARSET=utf8 AVG_ROW_LENGTH=4096;

--
-- Дамп данных таблицы `order_status`
--

INSERT INTO `order_status` (`id`, `name`) VALUES
(1, 'Новая'),
(2, 'Зависшая'),
(3, 'Отказ'),
(4, 'Проданная'),
(5, 'Принятая');

-- --------------------------------------------------------

--
-- Структура таблицы `orders`
--
-- Создание: Мар 11 2019 г., 11:56
--

DROP TABLE IF EXISTS `orders`;
CREATE TABLE IF NOT EXISTS `orders` (
  `id` int(11) NOT NULL,
  `date` date DEFAULT NULL,
  `solution` varchar(255) DEFAULT NULL,
  `dealer_id` varchar(255) DEFAULT NULL,
  `city` varchar(255) DEFAULT NULL,
  `comment` varchar(255) DEFAULT NULL,
  `manager_id` varchar(255) DEFAULT NULL,
  `to_work_date` date DEFAULT NULL,
  `restart_date` date DEFAULT NULL,
  `status` varchar(255) DEFAULT NULL,
  `reward` varchar(255) DEFAULT NULL,
  `company` varchar(255) DEFAULT NULL,
  `name` varchar(50) DEFAULT NULL,
  `phone` varchar(255) DEFAULT NULL,
  `email` varchar(50) DEFAULT NULL,
  `person_type` varchar(255) DEFAULT NULL,
  `street` varchar(255) DEFAULT NULL,
  `house` varchar(255) DEFAULT NULL,
  `flat` varchar(255) DEFAULT NULL,
  `surname` varchar(255) DEFAULT NULL,
  `company_inn` varchar(255) DEFAULT NULL,
  `sold_date` date DEFAULT NULL,
  `approved` tinyint(1) DEFAULT '0'
) ENGINE=InnoDB AUTO_INCREMENT=16 DEFAULT CHARSET=utf8 AVG_ROW_LENGTH=3276;

--
-- Дамп данных таблицы `orders`
--

INSERT INTO `orders` (`id`, `date`, `solution`, `dealer_id`, `city`, `comment`, `manager_id`, `to_work_date`, `restart_date`, `status`, `reward`, `company`, `name`, `phone`, `email`, `person_type`, `street`, `house`, `flat`, `surname`, `company_inn`, `sold_date`, `approved`) VALUES
(1, '2019-04-03', '1', '1000035', 'Москва', 'С установкой на авто', '1000023', '2019-04-10', NULL, '4', NULL, 'РОЛЬФ ООО Филиал "Звезда Столицы"', 'Людмила', '+7 (985) 126-5430', 'LVTolstobrova@rolf.ru', 'company', NULL, NULL, NULL, 'Толстоброва', '5047059383', '2019-04-17', 1),
(2, '2019-04-05', '1', '1000039', 'Москва', 'Автомобиль Тоета Прадо', '1000023', '2019-04-05', NULL, '4', NULL, 'ООО КИБЕРКАР МОТОР РУС', 'Роман Юрьевич', '+7 (911) 925-5332', 'bvv@kibercar.ru', 'company', NULL, NULL, NULL, 'Котов', '9717 0585 54', '2019-04-10', 1),
(3, '2019-04-08', '6', '1000040', 'Москва', 'с установкой', '1000022', '2019-04-08', NULL, '6', NULL, 'ООО "  АТ Транс"', 'Алексей Вячеславович', '+7 (926) 270-2700', 'A2702700@yandex.ru', 'company', NULL, NULL, NULL, 'Овчинников', '7719 4161 13', NULL, 0),
(4, '2019-04-08', '6', '1000041', 'Москва', 'с установкой', '1000024', '2019-04-08', NULL, '4', NULL, 'ООО «АТТРАНС»', 'Наталья Александровна', '+7 (965) 316-8381', 'ovchinnikova717@gmail.com', 'company', NULL, NULL, NULL, 'Овчинникова', '7719416113', '2019-04-12', 1),
(5, '2019-04-10', '1', '1000042', 'Москва', '2шт', '1000023', '2019-04-10', NULL, '4', NULL, 'А1 АВТО ООО', 'Алексей', '+7 (495) 256-0591', 'sales@a1auto.ru', 'company', NULL, NULL, NULL, 'Иванов', '7731209709', '2019-04-16', 1),
(6, '2019-04-10', '1', '1000042', 'Москва', '2 шт', '1000023', '2019-04-10', NULL, '4', NULL, 'НПО ИНДУСТРИЯ ООО', 'Владимир', '+7 (495) 680-9123', 'sales@a1auto.ru', 'company', NULL, NULL, NULL, 'Петров', '7713762519', '2019-04-19', 1),
(7, '2019-04-10', '1', '1000042', 'Москва', '1шт', '1000023', '2019-04-10', NULL, '4', NULL, 'А1 АВТО ООО', 'Александр', '+7 (495) 256-0591', 'sales@a1auto.ru', 'company', NULL, NULL, NULL, 'Сморнов ', '7731209709', '2019-04-16', 1),
(8, '2019-04-10', '1', '1000042', 'Москва', '1шт', '1000023', '2019-04-10', NULL, '4', NULL, 'НПО ИНДУСТРИЯ ООО', 'Артур', '+7 (495) 680-9123', 'sales@a1auto.ru', 'company', NULL, NULL, NULL, 'Кривоносов', '7713762519', '2019-04-19', 1),
(9, '2019-04-12', '2', '1000044', 'Москва', 'Установка на V клас MB', '1000023', '2019-04-12', NULL, '4', NULL, 'ИП Некрасов Дмитрий Борисович', 'Владлен', '+7 (495) 266-9029', 'sales@zart.ru', 'company', NULL, NULL, NULL, 'Смолкин', '7735013936', NULL, 0),
(10, '2019-04-15', '2', '1000033', 'Москва', 'Установка в автомобиль Maybach', '1000024', '2019-04-15', NULL, '4', NULL, ' ', 'Андрей', '+7 (925) 999-2424', 'achabarin@gmail.com', 'private', '', '', '', 'Чабарин', ' ', '2019-04-18', 1),
(11, '2019-04-18', '1', '1000034', 'Москва', 'без установки', '1000022', '2019-04-18', NULL, '4', NULL, 'ФПБ ГАРДИУМ ООО', 'Алексей ', '+7 (495) 995-8258', 'secretar1@wiseadvice.ru', 'company', NULL, NULL, NULL, 'Адамов', '7721 8543 22', '2019-04-23', 1),
(12, '2019-04-18', '2', '1000046', 'Москва', 'Шевроле экспресс', '1000023', '2019-04-18', NULL, '4', NULL, 'ШЕВРОЛЕ-ЭКСПРЕСС ООО', 'Елена', '+7 (495) 721-3222', 'info@depp.ru', 'company', NULL, NULL, NULL, 'Федорова', '7725710071', '2019-04-25', 1),
(13, '2019-04-24', '1', '1000034', 'Москва', 'с установкой', '1000022', '2019-04-24', NULL, '4', NULL, 'ТРАНСРЕГИОНСЕРВИС ООО', 'Максим', '+7 (964) 596-2229', 'transregion77@gmail.com', 'company', NULL, NULL, NULL, 'Максим', '7715 9643 34', NULL, 0),
(14, '2019-04-25', '1', '1000046', 'Москва', 'Vi 4', '1000023', '2019-04-25', NULL, '4', NULL, 'ШЕВРОЛЕ-ЭКСПРЕСС ООО', 'Елена', '+7 (495) 721-3222', 'info@depp.ru', 'company', NULL, NULL, NULL, 'Федорова', '7725710071', NULL, 0),
(15, '2019-04-29', '1', '1000048', 'Москва', 'VI 4', '1000023', '2019-04-29', NULL, '4', NULL, 'КИБЕРКАР МОТОР РУС ООО', 'Алексей', '+7 (495) 255-1658', 'info@kibercar.ru', 'company', NULL, NULL, NULL, 'Павлов', '9717058554', NULL, 0);

-- --------------------------------------------------------

--
-- Структура таблицы `solutions`
--
-- Создание: Мар 11 2019 г., 11:56
--

DROP TABLE IF EXISTS `solutions`;
CREATE TABLE IF NOT EXISTS `solutions` (
  `id` int(11) NOT NULL,
  `name` varchar(50) DEFAULT NULL,
  `price` decimal(19,2) DEFAULT NULL,
  `tax` decimal(10,2) DEFAULT NULL,
  `reward` decimal(19,2) DEFAULT NULL
) ENGINE=InnoDB AUTO_INCREMENT=8 DEFAULT CHARSET=utf8 AVG_ROW_LENGTH=5461;

--
-- Дамп данных таблицы `solutions`
--

INSERT INTO `solutions` (`id`, `name`, `price`, `tax`, `reward`) VALUES
(1, 'Incarnet Vi4 (120 000,00 с НДС 20%)', '9000.00', '1170.00', '7830.00'),
(2, 'Incarnet Vi6 (208 000,00 с НДС 20%)', '15600.00', '2028.00', '13572.00'),
(3, 'Incarnet Vi8 (288 000,00 с НДС 20%)', '21600.00', '2808.00', '18792.00'),
(4, 'Не определился', '0.00', '0.00', '0.00'),
(5, 'Incarnet Vi4H (150 000,00 с НДС 20%)', '11250.00', '1462.50', '9787.50'),
(6, 'Incarnet Vi6H (260 000,00 с НДС 20%)', '19500.00', '2535.00', '16965.00'),
(7, 'Incarnet Vi8H 360 000,00 с НДС 20%)', '27000.00', '3510.00', '23490.00');

-- --------------------------------------------------------

--
-- Структура таблицы `user`
--
-- Создание: Мар 11 2019 г., 11:56
--

DROP TABLE IF EXISTS `user`;
CREATE TABLE IF NOT EXISTS `user` (
  `id` int(11) NOT NULL,
  `username` varchar(255) COLLATE utf8_unicode_ci NOT NULL,
  `auth_key` varchar(32) COLLATE utf8_unicode_ci NOT NULL,
  `password_hash` varchar(255) COLLATE utf8_unicode_ci NOT NULL,
  `password_reset_token` varchar(255) COLLATE utf8_unicode_ci DEFAULT NULL,
  `email` varchar(255) COLLATE utf8_unicode_ci NOT NULL,
  `status` smallint(6) NOT NULL DEFAULT '10',
  `created_at` int(11) NOT NULL,
  `updated_at` int(11) NOT NULL,
  `name` varchar(50) COLLATE utf8_unicode_ci DEFAULT NULL,
  `surname` varchar(255) COLLATE utf8_unicode_ci DEFAULT NULL,
  `phone` varchar(255) COLLATE utf8_unicode_ci DEFAULT NULL,
  `city` varchar(255) COLLATE utf8_unicode_ci DEFAULT NULL
) ENGINE=InnoDB AUTO_INCREMENT=1000049 DEFAULT CHARSET=utf8 COLLATE=utf8_unicode_ci AVG_ROW_LENGTH=1170;

--
-- Дамп данных таблицы `user`
--

INSERT INTO `user` (`id`, `username`, `auth_key`, `password_hash`, `password_reset_token`, `email`, `status`, `created_at`, `updated_at`, `name`, `surname`, `phone`, `city`) VALUES
(1, 'admin', 'ufPba4-oQFnJ3y4gcagGm6S832mI1coT', '$2y$13$v.0NkuZcEUs46nSRVLaZDuxIB0OBvr0WzDuIUXTsnONoCWOMN6Qxu', NULL, 'selladmin@incarnet.ru', 10, 1544354228, 1544354228, NULL, 'Фамилия', NULL, NULL),
(4, 'default_manager', 'C1A2A1en09MQSfrxmokWvpK3xnDRYSCZ', '$2y$13$L.75KOeXaRm0SEl1533yzurivV5bSWutWiO87PFNYqrsXHcbmKAV.', NULL, 'manager@union123.ru', 10, 1544730404, 1553854958, 'Имя', 'Фамилия', '+7 (952) 444-4447', NULL),
(1000022, 'avk@incarnet.ru', '2n1VxdrQEjExxtmPkOwyROpjkiQ75Iah', '$2y$13$o/ikmUE6T5n5/kHo0SrNE.tQXa8szA6D/tP16tGbW7PDSwu/wjBrW', NULL, 'avk@incarnet.ru', 10, 1553072493, 1554306545, 'Алексей Вячеславович', 'Козлов', '+7 (916) 316-9699', 'Абаза'),
(1000023, 's.konstantin@incarnet.ru', 'tJ0w3-t7X8LFNJncfyYCaPTb_Xqp8o8j', '$2y$13$6wIGwtkr5A4qztKsvsE8D.MxpMIlc.hHsuvz5/4ivz9/5rb5nqnoG', '-IUpCYcctLgLu8aznqgRGzfl2XeeiF8R_1553527019', 's.konstantin@incarnet.ru', 10, 1553072602, 1553849079, 'Константин Николаевич', 'Сидельников ', '+7 (922) 222-2222', 'Санкт-Петербург'),
(1000024, 'y.anna@incarnet.ru', '2fwICwOuFsVAlC-SUblslmRh-VkO4hr1', '$2y$13$X6vIEu93/5/AxrWTFWc0weMnDHDfWHIQYl7lMT260FWStEySVDhIu', '5pGEn71dJXrztDPvwXxBCdqbQEAdaE4D_1553527006', 'y.anna@incarnet.ru', 10, 1553072632, 1554794151, 'Анна Валерьевна', 'Яцкевич ', '+7 (910) 744-2019', 'Москва'),
(1000025, 'sell.001@incarnet.ru', 'OZ1mdzXw9qvv03PUaUCR4hvuDf-msOQl', '$2y$13$2TqarxFDykomrEBCcRrYpeFgeyuvruINBPZAcaH6iWOrJE4xCo.1.', '-9t40UqB-4quDfdHCD7uMwSae0g12vxG_1553089130', 'sell.001@incarnet.ru', 10, 1553072671, 1553089130, 'Имя1 Отчество1', 'Фамилия1', '+7 (944) 444-4444', 'Москва'),
(1000026, 'sell.002@incarnet.ru', '1WQGGYr1i1TNuajbdfElnVk6AI_gsg6x', '$2y$13$cWoaf9EdrfJ.fMXuLd1IH.E.gsl5dXYI.p71.Scgd0qPPDchTRNkS', 'JMdCwg3GbaNp1F9u5FK45y9mS-aP54W7_1553089140', 'sell.002@incarnet.ru', 10, 1553072713, 1553089140, 'Имя2 Отчество2', 'Фамилия2', '+7 (955) 555-5555', 'Москва'),
(1000028, 'superviser', 'UfLoYf31_ghAeJXtH9bcTt7RXKSUep9k', '$2y$13$WIUS3UvgaPA9yJ2KuDJpF.Ehy4.jVpYDXEdA4Bm0He0N6srg0GgPi', NULL, 'a.i.yatskevich@gmail.com', 10, 1553268882, 1555314115, 'seller1', 'seller1', '+7 (985) 858-5188', 'Абаза'),
(1000031, 'aleksandr-ivankovich@ya.ru', 'wnXYjG1eR3q1c7HnOl3gAovJfBXLiXre', '$2y$13$WdWstF0sMWJLg0qfS2r2WOlRzw6Hp/ekgZM6EjsbwGYI5bxOEpLYa', 'LsVZ5TlW57Ny_jimpTmXevQ91O8o5ZVt_1553775669', 'aleksandr-ivankovich@ya.ru', 10, 1553771202, 1553775669, 'Александр Олегович', 'Иванкович', '+7 (952) 377-4066', 'Абаза'),
(1000032, '4237567@mail.ru', 'rUB9EWsRk8ANTAqs_shw4ZTkU3j19Fx_', '$2y$13$P8rD.mNebATA8OPld68lu.frTey3hWbPY3yqiWGADHSk1CFSqGLqG', NULL, '4237567@mail.ru', 10, 1553773744, 1553773744, 'Сергей', 'Касаткин', '+7 (916) 423-7567', 'Абаза'),
(1000033, 'a.chabarin@gmail.com', 'X5GsEeR_CK3Q0gfCxFG3c0xL_s2kKmow', '$2y$13$SCdrWX6HnAOXiS468QXaOe4WQpnzCqHvAYx4nj.oU3.Rm15IYjbci', NULL, 'a.chabarin@gmail.com', 10, 1554108950, 1555334917, 'Андрей Михайлович', 'Чабарин', '+7 (925) 999-2424', 'Москва'),
(1000034, 'yuventa3000@bk.ru', 'y4StQ-GtLESz4IEV9lo18lKr_kOde4hF', '$2y$13$R9nTeUDb3B0Plk7JA9ebAeqYRzMyBHp5IoempXFPqxhSmilAqmBiO', NULL, 'yuventa3000@bk.ru', 10, 1554233707, 1554233707, 'Ольга Александровна', 'Романенко', '+7 (926) 974-6886', 'Москва'),
(1000035, '9994888@bk.ru', 'NYhDHM8_JkfJJFW7tBQLAA5Fj3dntKZD', '$2y$13$irVm5yyKoMW7Wnnzd9nXmex7zEqZW6jfBAHdcoNgPARcpKhpdyGCC', NULL, '9994888@bk.ru', 10, 1554280865, 1554280865, 'Дмитрий', 'Дмитрий', '+7 (909) 999-4888', 'Москва'),
(1000036, 'anytik89@mail.ru', 'E__ddhXzkuMWkpgzv9TB21x-T6V8Yc4K', '$2y$13$7S/EXQdyjPAkVqsfkReY7.R9e3LoHSs49jE5CPga/bTF0Y71Nq7Yu', NULL, 'anytik89@mail.ru', 10, 1554281597, 1554281597, 'Анна Сергеевна', 'Гуськова', '+7 (926) 216-2769', 'Москва'),
(1000037, 'Tugolukov1978@mail.ru', 'wIDWyyk2HPqXQGTKRrvW0Mj1oRGUftVJ', '$2y$13$3gvsV5I1N8xwi5RIPnmFguThOqluI5K/iv6gVeYj1osUQY.OlhJSe', NULL, 'Tugolukov1978@mail.ru', 10, 1554286701, 1554286701, 'Алексей Евгеньевич', 'Туголуков', '+7 (909) 903-3739', 'Абаза'),
(1000038, 'dimidrol4465@yandex.ru', 'uFD24MuKTwUvoCNobczASnIwXo1-vPSo', '$2y$13$nVfXqAz/CMJfK5MmPSpZTOUmevJDuBZT2NQli5365RHBnxKolQ3dK', NULL, 'dimidrol4465@yandex.ru', 10, 1554306144, 1554306144, 'тест', 'тест', '+7 (921) 333-3333', 'Санкт-Петербург'),
(1000039, 'bvv@kibercar.ru', 'f2GBDqYcazowGgSzKtCL7A3R9s_JSKBv', '$2y$13$fPTSe3P/ml.9l52aDlPsZO8Zhj4hCj7FCZm6SBEKxdXab0I1Wn.O2', NULL, 'bvv@kibercar.ru', 10, 1554390487, 1554459298, 'Владислав Владимирович', 'Баканов', '+7 (931) 536-4959', 'Санкт-Петербург'),
(1000040, 'a2702700@yandex.ru', 'qzo-ASSlkPQElb5WdQn-lAP6goCA55pj', '$2y$13$coCWEEnuo/mr3zs2Z6m4oObcEBG2DiHGTJ8ECqZOJFLpE0dVrOJBa', NULL, 'a2702700@yandex.ru', 10, 1554732360, 1554732360, 'Алексей Вячеславович', 'Овчинников', '+7 (926) 270-2700', 'Москва'),
(1000041, 'Ovchinnikov.a717@gmail.com', '9ObfkY-hRor86aGjIRaadv1kar291Izt', '$2y$13$H2HdDe1gzNSFNP/fdjoBoOc9sBs8AfX38PjADtUGDL0SynFevN6rW', NULL, 'Ovchinnikov.a717@gmail.com', 10, 1554734061, 1554734061, 'Наталья Александровна', 'Овчинникова ', '+7 (965) 316-8381', 'Москва'),
(1000042, 'videosys14@gmail.com', 'XcYTex4Rw14L_NRDKdfZNHabBlqMa-ja', '$2y$13$xT3l1.4unjNhWyYpIK5R9uauPyl3HogUE5vVM8RWmj/nW/R6toZxi', NULL, 'videosys14@gmail.com', 10, 1554811084, 1554811084, 'Виктор Вячеславович', 'Геркин', '+7 (903) 966-1754', 'Москва'),
(1000043, 'p.zett@ya.ru', 'jmugI67F9tYxz8eDU8aUs98gS-iVydlG', '$2y$13$zXosrozS.IX3sbDgDqZwneK/YM2e12kcJQ8/X1uKnT/bYo32nZ.dm', NULL, 'p.zett@ya.ru', 10, 1554898285, 1554898285, 'Павел', 'Нечаев', '+7 (985) 735-1598', 'Москва'),
(1000044, 'Makarian.kar@yandex.ru', '4JUo_1D5njoZLK6562fddXLottAWEsGt', '$2y$13$p9DE4N7LmJcdLdRZ84BesuFYodXrG17IXMlY9n.R./DLgeIu/XAM.', NULL, 'Makarian.kar@yandex.ru', 10, 1555052540, 1555052540, 'Вячеслав', 'Вячеслав', '+7 (926) 868-3465', 'Москва'),
(1000045, 'dr-death11@ya.ru', 'VR_Y02wy22d6A5jsFgou_kNPJZASJrsw', '$2y$13$p8JWHWlLY2asRGHX00f3GeKcv86b/P1EW0dzHCiYz3hGWVO3EwJAG', NULL, 'dr-death11@ya.ru', 10, 1555316418, 1555316418, 'test', 'test', '+7 (981) 804-2316', 'Абаза'),
(1000046, 'abramoff-400@yandex.ru', 'bXpGplcJTbyA_2dPKD0_sZ05Q75MyKLz', '$2y$13$jlxxunxdle06a29elfgKreEbxpiUmp70Pd7KSguAHAWElXVPKjkBG', NULL, 'abramoff-400@yandex.ru', 10, 1555603700, 1555603700, 'Станислав', 'Абрамов', '+7 (926) 521-2495', 'Москва'),
(1000047, 'bukin1979@gmail.com', 'f7cKO9ICuDu259uXAFj5aNjjIJpj2uhI', '$2y$13$2qnM.nZ2kHRN./heh7owNOaBh9bhJSw7xmhl/xMl5S.GGqGj3wjta', NULL, 'bukin1979@gmail.com', 10, 1556007386, 1556007386, 'Игнатий Николаевич', 'Букин', '+7 (911) 925-2111', 'Санкт-Петербург'),
(1000048, 'Nurik23@me.com', 'tAXKJH7MBH2r7Lbu8bctgyJczTCmB5ZF', '$2y$13$zp08g9Tff.3fMK4R4xr5ju7YxaA.gc8pH/WCNeWwU85r1R7C89pke', NULL, 'Nurik23@me.com', 10, 1556546640, 1556546640, 'Нурик', 'Пасонов', '+7 (965) 213-0002', 'Москва');

--
-- Индексы сохранённых таблиц
--

--
-- Индексы таблицы `auth_assignment`
--
ALTER TABLE `auth_assignment`
  ADD PRIMARY KEY (`item_name`,`user_id`), ADD KEY `idx-auth_assignment-user_id` (`user_id`);

--
-- Индексы таблицы `auth_item`
--
ALTER TABLE `auth_item`
  ADD PRIMARY KEY (`name`), ADD KEY `idx-auth_item-type` (`type`), ADD KEY `auth_item_ibfk_1` (`rule_name`);

--
-- Индексы таблицы `auth_item_child`
--
ALTER TABLE `auth_item_child`
  ADD PRIMARY KEY (`parent`,`child`), ADD KEY `auth_item_child_ibfk_2` (`child`);

--
-- Индексы таблицы `auth_rule`
--
ALTER TABLE `auth_rule`
  ADD PRIMARY KEY (`name`);

--
-- Индексы таблицы `city`
--
ALTER TABLE `city`
  ADD PRIMARY KEY (`id`);

--
-- Индексы таблицы `dealer_info`
--
ALTER TABLE `dealer_info`
  ADD PRIMARY KEY (`dealer_id`);

--
-- Индексы таблицы `migration`
--
ALTER TABLE `migration`
  ADD PRIMARY KEY (`version`);

--
-- Индексы таблицы `notification`
--
ALTER TABLE `notification`
  ADD PRIMARY KEY (`id`);

--
-- Индексы таблицы `notification_status`
--
ALTER TABLE `notification_status`
  ADD PRIMARY KEY (`id`);

--
-- Индексы таблицы `order_status`
--
ALTER TABLE `order_status`
  ADD PRIMARY KEY (`id`);

--
-- Индексы таблицы `orders`
--
ALTER TABLE `orders`
  ADD PRIMARY KEY (`id`);

--
-- Индексы таблицы `solutions`
--
ALTER TABLE `solutions`
  ADD PRIMARY KEY (`id`);

--
-- Индексы таблицы `user`
--
ALTER TABLE `user`
  ADD PRIMARY KEY (`id`), ADD UNIQUE KEY `email` (`email`), ADD UNIQUE KEY `username` (`username`), ADD UNIQUE KEY `password_reset_token` (`password_reset_token`);

--
-- AUTO_INCREMENT для сохранённых таблиц
--

--
-- AUTO_INCREMENT для таблицы `city`
--
ALTER TABLE `city`
  MODIFY `id` int(11) NOT NULL AUTO_INCREMENT,AUTO_INCREMENT=3335;
--
-- AUTO_INCREMENT для таблицы `notification`
--
ALTER TABLE `notification`
  MODIFY `id` int(11) NOT NULL AUTO_INCREMENT;
--
-- AUTO_INCREMENT для таблицы `notification_status`
--
ALTER TABLE `notification_status`
  MODIFY `id` int(11) NOT NULL AUTO_INCREMENT;
--
-- AUTO_INCREMENT для таблицы `order_status`
--
ALTER TABLE `order_status`
  MODIFY `id` int(11) NOT NULL AUTO_INCREMENT,AUTO_INCREMENT=6;
--
-- AUTO_INCREMENT для таблицы `orders`
--
ALTER TABLE `orders`
  MODIFY `id` int(11) NOT NULL AUTO_INCREMENT,AUTO_INCREMENT=16;
--
-- AUTO_INCREMENT для таблицы `solutions`
--
ALTER TABLE `solutions`
  MODIFY `id` int(11) NOT NULL AUTO_INCREMENT,AUTO_INCREMENT=8;
--
-- AUTO_INCREMENT для таблицы `user`
--
ALTER TABLE `user`
  MODIFY `id` int(11) NOT NULL AUTO_INCREMENT,AUTO_INCREMENT=1000049;
--
-- Ограничения внешнего ключа сохраненных таблиц
--

--
-- Ограничения внешнего ключа таблицы `auth_assignment`
--
ALTER TABLE `auth_assignment`
ADD CONSTRAINT `auth_assignment_ibfk_1` FOREIGN KEY (`item_name`) REFERENCES `auth_item` (`name`) ON DELETE CASCADE ON UPDATE CASCADE;

--
-- Ограничения внешнего ключа таблицы `auth_item`
--
ALTER TABLE `auth_item`
ADD CONSTRAINT `auth_item_ibfk_1` FOREIGN KEY (`rule_name`) REFERENCES `auth_rule` (`name`) ON DELETE SET NULL ON UPDATE CASCADE;

--
-- Ограничения внешнего ключа таблицы `auth_item_child`
--
ALTER TABLE `auth_item_child`
ADD CONSTRAINT `auth_item_child_ibfk_1` FOREIGN KEY (`parent`) REFERENCES `auth_item` (`name`) ON DELETE CASCADE ON UPDATE CASCADE,
ADD CONSTRAINT `auth_item_child_ibfk_2` FOREIGN KEY (`child`) REFERENCES `auth_item` (`name`) ON DELETE CASCADE ON UPDATE CASCADE;

/*!40101 SET CHARACTER_SET_CLIENT=@OLD_CHARACTER_SET_CLIENT */;
/*!40101 SET CHARACTER_SET_RESULTS=@OLD_CHARACTER_SET_RESULTS */;
/*!40101 SET COLLATION_CONNECTION=@OLD_COLLATION_CONNECTION */;
